Date,3687.TW
2010/1/4,
2010/1/5,
2010/1/6,
2010/1/7,
2010/1/8,
2010/1/11,
2010/1/12,
2010/1/13,
2010/1/14,
2010/1/15,
2010/1/18,
2010/1/19,
2010/1/20,
2010/1/21,
2010/1/22,
2010/1/25,
2010/1/26,
2010/1/27,
2010/1/28,
2010/1/29,
2010/2/1,
2010/2/2,
2010/2/3,
2010/2/4,
2010/2/5,
2010/2/8,
2010/2/9,
2010/2/10,
2010/2/22,
2010/2/23,
2010/2/24,
2010/2/25,
2010/2/26,
2010/3/1,
2010/3/2,
2010/3/3,
2010/3/4,
2010/3/5,
2010/3/8,
2010/3/9,
2010/3/10,
2010/3/11,
2010/3/12,
2010/3/15,
2010/3/16,
2010/3/17,
2010/3/18,
2010/3/19,
2010/3/22,
2010/3/23,
2010/3/24,
2010/3/25,
2010/3/26,
2010/3/29,
2010/3/30,
2010/3/31,
2010/4/1,
2010/4/2,
2010/4/6,
2010/4/7,
2010/4/8,
2010/4/9,
2010/4/12,
2010/4/13,
2010/4/14,
2010/4/15,
2010/4/16,
2010/4/19,
2010/4/20,
2010/4/21,
2010/4/22,
2010/4/23,
2010/4/26,
2010/4/27,
2010/4/28,
2010/4/29,
2010/4/30,
2010/5/3,
2010/5/4,
2010/5/5,
2010/5/6,
2010/5/7,
2010/5/10,
2010/5/11,
2010/5/12,
2010/5/13,
2010/5/14,
2010/5/17,
2010/5/18,
2010/5/19,
2010/5/20,
2010/5/21,
2010/5/24,
2010/5/25,
2010/5/26,
2010/5/27,
2010/5/28,
2010/5/31,
2010/6/1,
2010/6/2,
2010/6/3,
2010/6/4,
2010/6/7,
2010/6/8,
2010/6/9,
2010/6/10,
2010/6/11,
2010/6/14,
2010/6/15,
2010/6/17,
2010/6/18,
2010/6/21,
2010/6/22,
2010/6/23,
2010/6/24,
2010/6/25,
2010/6/28,
2010/6/29,
2010/6/30,
2010/7/1,
2010/7/2,
2010/7/5,
2010/7/6,
2010/7/7,
2010/7/8,
2010/7/9,
2010/7/12,
2010/7/13,
2010/7/14,
2010/7/15,
2010/7/16,
2010/7/19,
2010/7/20,
2010/7/21,
2010/7/22,
2010/7/23,
2010/7/26,
2010/7/27,
2010/7/28,
2010/7/29,
2010/7/30,
2010/8/2,
2010/8/3,
2010/8/4,
2010/8/5,
2010/8/6,
2010/8/9,
2010/8/10,
2010/8/11,
2010/8/12,
2010/8/13,
2010/8/16,
2010/8/17,
2010/8/18,
2010/8/19,
2010/8/20,
2010/8/23,
2010/8/24,
2010/8/25,
2010/8/26,
2010/8/27,
2010/8/30,
2010/8/31,
2010/9/1,
2010/9/2,
2010/9/3,
2010/9/6,
2010/9/7,
2010/9/8,
2010/9/9,
2010/9/10,
2010/9/13,
2010/9/14,
2010/9/15,
2010/9/16,
2010/9/17,
2010/9/20,
2010/9/21,
2010/9/23,
2010/9/24,
2010/9/27,
2010/9/28,
2010/9/29,
2010/9/30,
2010/10/1,
2010/10/4,
2010/10/5,
2010/10/6,
2010/10/7,
2010/10/8,
2010/10/11,
2010/10/12,
2010/10/13,
2010/10/14,
2010/10/15,
2010/10/18,
2010/10/19,
2010/10/20,
2010/10/21,
2010/10/22,
2010/10/25,
2010/10/26,
2010/10/27,
2010/10/28,
2010/10/29,
2010/11/1,
2010/11/2,
2010/11/3,
2010/11/4,
2010/11/5,
2010/11/8,
2010/11/9,
2010/11/10,
2010/11/11,
2010/11/12,
2010/11/15,
2010/11/16,
2010/11/17,
2010/11/18,
2010/11/19,
2010/11/22,
2010/11/23,
2010/11/24,
2010/11/25,
2010/11/26,
2010/11/29,
2010/11/30,
2010/12/1,
2010/12/2,
2010/12/3,
2010/12/6,
2010/12/7,
2010/12/8,
2010/12/9,
2010/12/10,
2010/12/13,
2010/12/14,
2010/12/15,
2010/12/16,
2010/12/17,
2010/12/20,
2010/12/21,
2010/12/22,
2010/12/23,
2010/12/24,
2010/12/27,
2010/12/28,
2010/12/29,
2010/12/30,
2010/12/31,
2011/1/3,
2011/1/4,
2011/1/5,
2011/1/6,
2011/1/7,
2011/1/10,
2011/1/11,112.3558121
2011/1/12,109.5469208
2011/1/13,110.2491379
2011/1/14,107.4402542
2011/1/17,105.3335648
2011/1/18,102.1735687
2011/1/19,103.9291153
2011/1/20,100.7691116
2011/1/21,103.9291153
2011/1/24,105.3335648
2011/1/25,103.2268906
2011/1/26,102.8757782
2011/1/27,101.8224487
2011/1/28,101.471344
2011/2/8,94.44911194
2011/2/9,88.12909698
2011/2/10,94.09798431
2011/2/11,95.50244141
2011/2/14,94.09798431
2011/2/15,95.85355377
2011/2/16,101.471344
2011/2/17,104.6313477
2011/2/18,106.0357895
2011/2/21,103.9291153
2011/2/22,101.8224487
2011/2/23,102.5246735
2011/2/24,103.9291153
2011/2/25,105.3335648
2011/3/1,106.0357895
2011/3/2,105.3335648
2011/3/3,104.6313477
2011/3/4,102.1735687
2011/3/7,100.4179916
2011/3/8,101.8224487
2011/3/9,104.6313477
2011/3/10,101.8224487
2011/3/11,100.0668793
2011/3/14,97.60910797
2011/3/15,94.09798431
2011/3/16,94.09798431
2011/3/17,95.85355377
2011/3/18,99.0135498
2011/3/21,99.0135498
2011/3/22,97.60910797
2011/3/23,98.6624527
2011/3/24,104.2802353
2011/3/25,103.2268906
2011/3/28,102.5246735
2011/3/29,102.5246735
2011/3/30,102.5246735
2011/3/31,101.8224487
2011/4/1,104.6313477
2011/4/6,102.8757782
2011/4/7,102.5246735
2011/4/8,103.5780182
2011/4/11,102.8757782
2011/4/12,101.8224487
2011/4/13,99.71577454
2011/4/14,100.4179916
2011/4/15,101.1202316
2011/4/18,98.31134033
2011/4/19,101.1202316
2011/4/20,101.471344
2011/4/21,100.0668793
2011/4/22,101.8224487
2011/4/25,100.4179916
2011/4/26,106.0357895
2011/4/27,107.4402542
2011/4/28,104.9824677
2011/4/29,105.3335648
2011/5/3,104.2802353
2011/5/4,109.1957855
2011/5/5,107.4402542
2011/5/6,108.844696
2011/5/9,114.1113663
2011/5/10,115.8669434
2011/5/11,123.9425201
2011/5/12,132.3692017
2011/5/13,132.7202911
2011/5/16,140.7958832
2011/5/17,137.6358643
2011/5/18,145.3603363
2011/5/19,153.7870331
2011/5/20,149.5736847
2011/5/23,159.7559357
2011/5/24,170.6403809
2011/5/25,182.5781708
2011/5/26,195.2182159
2011/5/27,192.4093323
2011/5/30,192.4093323
2011/5/31,179.0670929
2011/6/1,185.7381897
2011/6/2,183.9826508
2011/6/3,182.5781708
2011/6/7,185.7381897
2011/6/8,189.2493286
2011/6/9,189.6004333
2011/6/10,186.0893097
2011/6/13,185.3870697
2011/6/14,180.1204071
2011/6/15,172.3959503
2011/6/16,160.4581451
2011/6/17,163.9692383
2011/6/20,152.7336731
2011/6/21,155.8937073
2011/6/22,151.6803284
2011/6/23,156.5959167
2011/6/24,153.7870331
2011/6/27,164.3203735
2011/6/28,161.5114899
2011/6/29,161.5114899
2011/6/30,161.1603546
2011/7/1,172.3959503
2011/7/4,174.8537292
2011/7/5,173.449295
2011/7/6,181.8759766
2011/7/7,182.5781708
2011/7/8,188.1959686
2011/7/11,175.204834
2011/7/12,173.449295
2011/7/13,172.7470398
2011/7/14,176.9604034
2011/7/15,188.1959686
2011/7/18,188.5470886
2011/7/19,186.0893097
2011/7/20,185.0359955
2011/7/21,191.0048828
2011/7/22,184.3337555
2011/7/25,179.0670929
2011/7/26,175.9070435
2011/7/27,186.7915344
2011/7/28,182.2270966
2011/7/29,177.6626129
2011/8/1,179.0670929
2011/8/2,175.5559235
2011/8/3,171.3426056
2011/8/4,166.4270782
2011/8/5,158.3514557
2011/8/8,158.000351
2011/8/9,164.6714783
2011/8/10,168.5337219
2011/8/11,178.0137482
2011/8/12,180.4715271
2011/8/15,178.0137482
2011/8/16,176.258194
2011/8/17,179.7692719
2011/8/18,175.204834
2011/8/19,165.022583
2011/8/22,161.5114899
2011/8/23,166.4270782
2011/8/24,163.6181488
2011/8/25,162.5648041
2011/8/26,162.2136993
2011/8/29,168.5337219
2011/8/30,167.8314972
2011/8/31,172.0448303
2011/9/1,181.1737366
2011/9/2,181.1737366
2011/9/5,193.4209137
2011/9/6,191.7316437
2011/9/7,204.8234711
2011/9/8,210.7358856
2011/9/9,209.0466309
2011/9/13,206.0904083
2011/9/14,203.9788208
2011/9/15,200.1779938
2011/9/16,204.4011383
2011/9/19,201.444931
2011/9/20,195.5325012
2011/9/21,195.1101837
2011/9/22,187.5084686
2011/9/23,174.416687
2011/9/26,162.5918274
2011/9/27,173.572052
2011/9/28,185.3969116
2011/9/29,196.7994537
2011/9/30,194.2655334
2011/10/3,187.5084686
2011/10/4,185.8192139
2011/10/5,183.7076416
2011/10/6,185.3969116
2011/10/7,185.8192139
2011/10/11,184.9745941
2011/10/12,181.5960541
2011/10/13,187.0861664
2011/10/14,181.5960541
2011/10/17,182.8630066
2011/10/18,176.950592
2011/10/19,178.2175293
2011/10/20,176.1059418
2011/10/21,171.4604645
2011/10/24,176.5282745
2011/10/25,173.9943848
2011/10/26,173.9943848
2011/10/27,178.6398315
2011/10/28,180.7514343
2011/10/31,175.261322
2011/11/1,174.8389893
2011/11/2,173.1497192
2011/11/3,168.9265747
2011/11/4,179.9067841
2011/11/7,181.1737366
2011/11/8,184.1299591
2011/11/9,179.9067841
2011/11/10,172.3050995
2011/11/11,174.8389893
2011/11/14,182.4406891
2011/11/15,180.7514343
2011/11/16,176.5282745
2011/11/17,179.062149
2011/11/18,187.5084686
2011/11/21,175.261322
2011/11/22,170.6158447
2011/11/23,170.6158447
2011/11/24,169.7712097
2011/11/25,168.9265747
2011/11/28,168.9265747
2011/11/29,172.3050995
2011/11/30,168.9265747
2011/12/1,173.572052
2011/12/2,173.1497192
2011/12/5,167.2373047
2011/12/6,168.0819397
2011/12/7,168.0819397
2011/12/8,161.3248749
2011/12/9,159.6356201
2011/12/12,165.9703522
2011/12/13,161.3248749
2011/12/14,159.6356201
2011/12/15,149.5000305
2011/12/16,141.8983002
2011/12/19,132.1850433
2011/12/20,125.8502808
2011/12/21,134.2966156
2011/12/22,141.0536804
2011/12/23,147.8107452
2011/12/26,154.9901428
2011/12/27,152.033905
2011/12/28,146.5437927
2011/12/29,147.388443
2011/12/30,146.5437927
2012/1/2,141.8983002
2012/1/3,143.1652527
2012/1/4,142.7429352
2012/1/5,140.2090607
2012/1/6,136.8305206
2012/1/9,136.8305206
2012/1/10,137.2528076
2012/1/11,141.0536804
2012/1/12,136.8305206
2012/1/13,133.8742981
2012/1/16,133.8742981
2012/1/17,138.0974579
2012/1/18,138.5197601
2012/1/30,139.3644104
2012/1/31,145.2768402
2012/2/1,148.2330627
2012/2/2,150.3446655
2012/2/3,153.723175
2012/2/6,151.6115875
2012/2/7,152.4562225
2012/2/8,154.5678253
2012/2/9,165.1257019
2012/2/10,159.6356201
2012/2/13,148.6553955
2012/2/14,150.3446655
2012/2/15,159.6356201
2012/2/16,148.6553955
2012/2/17,152.8785553
2012/2/20,153.3008728
2012/2/21,151.6115875
2012/2/22,154.1455078
2012/2/23,153.3008728
2012/2/24,156.2570953
2012/2/29,161.3248749
2012/3/1,158.7909698
2012/3/2,160.0579529
2012/3/5,159.6356201
2012/3/6,153.723175
2012/3/7,154.5678253
2012/3/8,162.1695099
2012/3/9,161.3248749
2012/3/12,162.1695099
2012/3/13,173.1497192
2012/3/14,171.882782
2012/3/15,179.9067841
2012/3/16,179.4844971
2012/3/19,176.5282745
2012/3/20,177.3728943
2012/3/21,173.572052
2012/3/22,173.9943848
2012/3/23,171.4604645
2012/3/26,172.3050995
2012/3/27,172.3050995
2012/3/28,170.6158447
2012/3/29,160.4802399
2012/3/30,162.1695099
2012/4/2,162.1695099
2012/4/3,153.723175
2012/4/5,147.388443
2012/4/6,157.1017151
2012/4/9,168.0819397
2012/4/10,179.4844971
2012/4/11,177.3728943
2012/4/12,185.3969116
2012/4/13,186.6638489
2012/4/16,190.8870239
2012/4/17,184.5522614
2012/4/18,176.1059418
2012/4/19,174.8389893
2012/4/20,170.6158447
2012/4/23,162.5918274
2012/4/24,169.3488922
2012/4/25,179.9067841
2012/4/26,171.038147
2012/4/27,171.882782
2012/4/30,173.9943848
2012/5/2,185.8192139
2012/5/3,190.0423889
2012/5/4,186.2415466
2012/5/7,182.4406891
2012/5/8,187.5084686
2012/5/9,183.2853241
2012/5/10,174.8389893
2012/5/11,174.8389893
2012/5/14,172.3050995
2012/5/15,177.3728943
2012/5/16,168.9265747
2012/5/17,171.4604645
2012/5/18,164.7033997
2012/5/21,165.5480347
2012/5/22,166.8150177
2012/5/23,164.2810974
2012/5/24,160.9025726
2012/5/25,159.2132874
2012/5/28,164.7033997
2012/5/29,171.882782
2012/5/30,171.4604645
2012/5/31,175.6836395
2012/6/1,164.7033997
2012/6/4,171.038147
2012/6/5,171.882782
2012/6/6,170.1935272
2012/6/7,168.0819397
2012/6/8,170.6158447
2012/6/11,165.1257019
2012/6/12,165.5480347
2012/6/13,167.2373047
2012/6/14,164.7033997
2012/6/15,166.3926544
2012/6/18,167.6596375
2012/6/19,168.0819397
2012/6/20,168.9265747
2012/6/21,168.5042419
2012/6/22,173.9943848
2012/6/25,175.261322
2012/6/26,168.9265747
2012/6/27,171.4604645
2012/6/28,173.572052
2012/6/29,179.062149
2012/7/2,177.2411957
2012/7/3,182.585144
2012/7/4,180.35849
2012/7/5,184.3664551
2012/7/6,183.5865631
2012/7/9,179.0535431
2012/7/10,177.693634
2012/7/11,177.2403412
2012/7/12,177.2403412
2012/7/13,178.1469574
2012/7/16,167.7210388
2012/7/17,168.627655
2012/7/18,169.5342255
2012/7/19,169.0809326
2012/7/20,167.7210388
2012/7/23,166.8144379
2012/7/24,167.2677612
2012/7/25,176.7870331
2012/7/26,182.2266541
2012/7/27,177.693634
2012/7/30,178.6002655
2012/7/31,175.4271545
2012/8/1,174.0672455
2012/8/2,174.0672455
2012/8/3,168.627655
2012/8/6,164.094635
2012/8/7,165.001236
2012/8/8,166.3611145
2012/8/9,170.4408417
2012/8/10,176.7870331
2012/8/13,172.7073517
2012/8/14,177.2403412
2012/8/15,169.9875488
2012/8/16,170.4408417
2012/8/17,167.7210388
2012/8/20,172.2540436
2012/8/21,169.9875488
2012/8/22,172.2540436
2012/8/23,168.627655
2012/8/24,168.1743469
2012/8/27,168.627655
2012/8/28,162.2814331
2012/8/29,162.7347412
2012/8/30,162.2814331
2012/8/31,166.8144379
2012/9/3,162.7347412
2012/9/4,171.3474579
2012/9/5,166.3611145
2012/9/6,161.3748322
2012/9/7,155.9352722
2012/9/10,145.9626312
2012/9/11,135.990036
2012/9/12,137.8032379
2012/9/13,132.3636475
2012/9/14,128.2839508
2012/9/17,136.896637
2012/9/18,134.1768494
2012/9/19,135.990036
2012/9/20,132.816925
2012/9/21,130.550415
2012/9/24,132.3636475
2012/9/25,126.4707489
2012/9/26,123.7509384
2012/9/27,119.6712341
2012/9/28,111.5118408
2012/10/1,112.4184265
2012/10/2,115.1382294
2012/10/3,111.9651337
2012/10/4,109.6986313
2012/10/5,111.5118408
2012/10/8,108.7920227
2012/10/9,105.1656189
2012/10/11,97.91282654
2012/10/12,91.11332703
2012/10/15,87.03362274
2012/10/16,89.30013275
2012/10/17,87.66823578
2012/10/18,82.0473175
2012/10/19,85.76438141
2012/10/22,89.84408569
2012/10/23,89.02813721
2012/10/24,88.93747711
2012/10/25,89.20946503
2012/10/26,83.04457855
2012/10/29,77.51432037
2012/10/30,78.23960876
2012/10/31,83.67920685
2012/11/1,89.48144531
2012/11/2,92.92652893
2012/11/5,90.29738617
2012/11/6,90.66002655
2012/11/7,97.00622559
2012/11/8,103.3524246
2012/11/9,104.712326
2012/11/12,102.8991318
2012/11/13,96.099617
2012/11/14,97.00622559
2012/11/15,103.3524246
2012/11/16,103.3524246
2012/11/19,101.9925308
2012/11/20,105.1656189
2012/11/21,108.3387299
2012/11/22,111.5118408
2012/11/23,110.6052246
2012/11/26,111.5118408
2012/11/27,113.7783279
2012/11/28,114.2316284
2012/11/29,112.4184265
2012/11/30,111.5118408
2012/12/3,119.2179337
2012/12/4,118.3113327
2012/12/5,120.5778351
2012/12/6,124.6575394
2012/12/7,121.0311356
2012/12/10,124.6575394
2012/12/11,123.2976303
2012/12/12,122.8443222
2012/12/13,123.2976303
2012/12/14,121.484436
2012/12/17,119.2179337
2012/12/18,117.4047241
2012/12/19,122.8443222
2012/12/20,120.1245193
2012/12/21,119.6712341
2012/12/24,122.8443222
2012/12/25,122.391037
2012/12/26,120.5778351
2012/12/27,121.9377365
2012/12/28,121.484436
2013/1/2,119.6712341
2013/1/3,119.2179337
2013/1/4,119.6712341
2013/1/7,121.484436
2013/1/8,122.391037
2013/1/9,121.0311356
2013/1/10,112.8717346
2013/1/11,112.4184265
2013/1/14,110.6052246
2013/1/15,106.0722275
2013/1/16,103.3524246
2013/1/17,97.91282654
2013/1/18,104.712326
2013/1/21,108.7920227
2013/1/22,108.3387299
2013/1/23,105.1656189
2013/1/24,106.0722275
2013/1/25,102.8991318
2013/1/28,101.5392227
2013/1/29,104.712326
2013/1/30,106.0722275
2013/1/31,103.8057251
2013/2/1,104.2590332
2013/2/4,102.4458313
2013/2/5,101.5392227
2013/2/6,99.72602844
2013/2/18,93.37982941
2013/2/19,96.099617
2013/2/20,94.73973083
2013/2/21,92.47322083
2013/2/22,94.28642273
2013/2/25,93.83312225
2013/2/26,91.5666275
2013/2/27,92.01992798
2013/3/1,93.37982941
2013/3/4,91.11332703
2013/3/5,97.45951843
2013/3/6,97.00622559
2013/3/7,103.3524246
2013/3/8,104.2590332
2013/3/11,100.6326294
2013/3/12,97.45951843
2013/3/13,96.099617
2013/3/14,94.73973083
2013/3/15,94.73973083
2013/3/18,94.73973083
2013/3/19,96.55293274
2013/3/20,96.099617
2013/3/21,95.64632416
2013/3/22,94.28642273
2013/3/25,100.6326294
2013/3/26,99.72602844
2013/3/27,102.8991318
2013/3/28,100.6326294
2013/3/29,97.91282654
2013/4/1,95.64632416
2013/4/2,95.19302368
2013/4/3,96.099617
2013/4/8,92.47322083
2013/4/9,92.01992798
2013/4/10,85.67372894
2013/4/11,83.04457855
2013/4/12,83.40721893
2013/4/15,79.32752228
2013/4/16,76.06375885
2013/4/17,78.69290161
2013/4/18,79.50884247
2013/4/19,79.32752228
2013/4/22,78.14894104
2013/4/23,76.42640686
2013/4/24,76.15442657
2013/4/25,75.51979828
2013/4/26,76.78904724
2013/4/29,77.69563293
2013/4/30,77.69563293
2013/5/2,77.0610199
2013/5/3,76.24507141
2013/5/6,76.33573151
2013/5/7,76.42640686
2013/5/8,77.60497284
2013/5/9,78.23960876
2013/5/10,77.96763611
2013/5/13,76.15442657
2013/5/14,77.24233246
2013/5/15,76.60772705
2013/5/16,80.3247757
2013/5/17,82.86327362
2013/5/20,80.7780838
2013/5/21,80.7780838
2013/5/22,80.68741608
2013/5/23,78.33026123
2013/5/24,78.33026123
2013/5/27,77.60497284
2013/5/28,79.69016266
2013/5/29,85.22042084
2013/5/30,85.31108856
2013/5/31,83.40721893
2013/6/3,85.49241638
2013/6/4,84.13250732
2013/6/5,83.04457855
2013/6/6,83.04457855
2013/6/7,80.7780838
2013/6/10,81.23138428
2013/6/11,79.23686218
2013/6/13,77.0610199
2013/6/14,76.15442657
2013/6/17,77.60497284
2013/6/18,78.96487427
2013/6/19,78.51158142
2013/6/20,77.69563293
2013/6/21,76.60772705
2013/6/24,78.42092133
2013/6/25,76.87969971
2013/6/26,77.0610199
2013/6/27,76.33573151
2013/6/28,76.87969971
2013/7/1,77.0610199
2013/7/2,76.60772705
2013/7/3,75.24781799
2013/7/4,71.44009399
2013/7/5,68.62963104
2013/7/8,66.00049591
2013/7/9,66.00049591
2013/7/10,70.5335083
2013/7/11,70.71482086
2013/7/12,71.98406219
2013/7/15,72.16538239
2013/7/16,70.80548096
2013/7/17,69.89887238
2013/7/18,68.99227905
2013/7/19,69.17360687
2013/7/22,69.26425934
2013/7/23,71.07746124
2013/7/24,75.97310638
2013/7/25,81.23138428
2013/7/26,81.14071655
2013/7/29,86.76163483
2013/7/30,90.56936646
2013/7/31,88.57484436
2013/8/1,88.21221161
2013/8/2,94.28642273
2013/8/5,100.6326294
2013/8/6,96.099617
2013/8/7,102.4458313
2013/8/8,102.8991318
2013/8/9,105.1656189
2013/8/12,103.3524246
2013/8/13,101.9925308
2013/8/14,95.64632416
2013/8/15,97.91282654
2013/8/16,97.45951843
2013/8/19,104.2590332
2013/8/20,98.81941986
2013/8/22,104.712326
2013/8/23,102.4458313
2013/8/26,99.72602844
2013/8/27,94.73973083
2013/8/28,98.54836273
2013/8/29,99.02444458
2013/8/30,98.54836273
2013/9/2,94.83494568
2013/9/3,95.21580505
2013/9/4,95.69187927
2013/9/5,98.07228088
2013/9/6,95.21580505
2013/9/9,92.35933685
2013/9/10,89.31243134
2013/9/11,93.97800446
2013/9/12,94.73973083
2013/9/13,92.35933685
2013/9/16,93.78756714
2013/9/17,93.88278198
2013/9/18,93.78756714
2013/9/23,92.83540344
2013/9/24,92.35933685
2013/9/25,94.54930115
2013/9/26,92.83540344
2013/9/27,92.83540344
2013/9/30,92.35933685
2013/10/1,88.74112701
2013/10/2,86.64638519
2013/10/3,87.40811157
2013/10/4,86.83680725
2013/10/7,82.83776093
2013/10/8,81.40951538
2013/10/9,81.50473022
2013/10/11,81.02864838
2013/10/14,77.41044617
2013/10/15,79.79084778
2013/10/16,77.12480164
2013/10/17,78.93390656
2013/10/18,78.74346161
2013/10/21,77.88653564
2013/10/22,78.07695007
2013/10/23,83.5042572
2013/10/24,82.36167145
2013/10/25,83.5042572
2013/10/28,83.59947968
2013/10/29,81.12385559
2013/10/30,80.45735168
2013/10/31,79.31476593
2013/11/1,78.83869934
2013/11/4,77.60089111
2013/11/5,76.83914948
2013/11/6,77.31522369
2013/11/7,77.31522369
2013/11/8,73.88747406
2013/11/11,79.0291214
2013/11/12,79.69563293
2013/11/13,78.74346161
2013/11/14,80.26692963
2013/11/15,78.93390656
2013/11/18,78.74346161
2013/11/19,76.45829773
2013/11/20,75.98220825
2013/11/21,77.12480164
2013/11/22,82.45688629
2013/11/25,88.16983032
2013/11/26,90.74066162
2013/11/27,89.02677917
2013/11/28,94.26364899
2013/11/29,91.883255
2013/12/2,90.45501709
2013/12/3,88.16983032
2013/12/4,87.88419342
2013/12/5,93.21627045
2013/12/6,90.45501709
2013/12/9,88.55070496
2013/12/10,87.40811157
2013/12/11,84.64685822
2013/12/12,85.12293243
2013/12/13,85.31336212
2013/12/16,84.4564209
2013/12/17,84.55164337
2013/12/18,84.26599121
2013/12/19,90.07415009
2013/12/20,90.16937256
2013/12/23,88.36027527
2013/12/24,88.36027527
2013/12/25,94.45407867
2013/12/26,92.07368469
2013/12/27,91.40717316
2013/12/30,90.74066162
2013/12/31,91.121521
2014/1/2,89.59807587
2014/1/3,89.97893524
2014/1/6,88.55070496
2014/1/7,88.45548248
2014/1/8,88.55070496
2014/1/9,88.74112701
2014/1/10,87.12246704
2014/1/13,93.21627045
2014/1/14,91.59760284
2014/1/15,91.21674347
2014/1/16,89.12199402
2014/1/17,89.97893524
2014/1/20,92.07368469
2014/1/21,90.45501709
2014/1/22,91.21674347
2014/1/23,89.02677917
2014/1/24,88.36027527
2014/1/27,87.97940826
2014/2/5,87.6937561
2014/2/6,87.21767426
2014/2/7,87.6937561
2014/2/10,86.0750885
2014/2/11,84.4564209
2014/2/12,83.69469452
2014/2/13,83.78990936
2014/2/14,85.50379944
2014/2/17,83.78990936
2014/2/18,83.98033905
2014/2/19,83.12340546
2014/2/20,81.02864838
2014/2/21,83.31382751
2014/2/24,83.12340546
2014/2/25,83.59947968
2014/2/26,83.88512421
2014/2/27,82.93296051
2014/3/3,84.4564209
2014/3/4,83.59947968
2014/3/5,83.78990936
2014/3/6,83.98033905
2014/3/7,84.7420578
2014/3/10,83.98033905
2014/3/11,82.83776093
2014/3/12,82.36167145
2014/3/13,82.93296051
2014/3/14,83.12340546
2014/3/17,83.78990936
2014/3/18,84.64685822
2014/3/19,83.31382751
2014/3/20,80.93344116
2014/3/21,78.55303955
2014/3/24,77.12480164
2014/3/25,81.88559723
2014/3/26,82.17124939
2014/3/27,81.21908569
2014/3/28,78.74346161
2014/3/31,81.88559723
2014/4/1,80.36214447
2014/4/2,81.40951538
2014/4/3,87.02725983
2014/4/7,85.6942215
2014/4/8,84.4564209
2014/4/9,90.35980225
2014/4/10,90.74066162
2014/4/11,93.31150055
2014/4/14,93.78756714
2014/4/15,92.54975128
2014/4/16,91.59760284
2014/4/17,90.55023193
2014/4/18,87.31289673
2014/4/21,87.6937561
2014/4/22,86.74160004
2014/4/23,86.45596313
2014/4/24,85.40856934
2014/4/25,81.21908569
2014/4/28,80.36214447
2014/4/29,82.93296051
2014/4/30,80.45735168
2014/5/2,81.21908569
2014/5/5,81.98081207
2014/5/6,81.02864838
2014/5/7,83.59947968
2014/5/8,82.64732361
2014/5/9,82.64732361
2014/5/12,81.40951538
2014/5/13,82.45688629
2014/5/14,81.02864838
2014/5/15,81.3143158
2014/5/16,81.98081207
2014/5/19,81.21908569
2014/5/20,81.88559723
2014/5/21,81.3143158
2014/5/22,82.17124939
2014/5/23,83.12340546
2014/5/26,83.31382751
2014/5/27,82.36167145
2014/5/28,82.83776093
2014/5/29,83.31382751
2014/5/30,83.40905762
2014/6/3,86.93202972
2014/6/4,89.21720886
2014/6/5,87.40811157
2014/6/6,87.21767426
2014/6/9,85.31336212
2014/6/10,85.50379944
2014/6/11,86.36074066
2014/6/12,85.21815491
2014/6/13,85.02770996
2014/6/16,85.40856934
2014/6/17,85.97987366
2014/6/18,85.40856934
2014/6/19,85.78944397
2014/6/20,88.07462311
2014/6/23,87.31289673
2014/6/24,86.45596313
2014/6/25,86.64638519
2014/6/26,86.83680725
2014/6/27,85.88465881
2014/6/30,86.0750885
2014/7/1,85.6942215
2014/7/2,84.26599121
2014/7/3,82.83776093
2014/7/4,83.31382751
2014/7/7,82.17124939
2014/7/8,81.21908569
2014/7/9,81.69515991
2014/7/10,81.02864838
2014/7/11,78.07695007
2014/7/14,77.41044617
2014/7/15,79.31476593
2014/7/16,78.83869934
2014/7/17,78.93390656
2014/7/18,78.55303955
2014/7/21,78.64824677
2014/7/22,79.4099884
2014/7/23,79.4099884
2014/7/24,80.36214447
2014/7/25,78.93390656
2014/7/28,77.69609833
2014/7/29,75.98220825
2014/7/30,76.36308289
2014/7/31,77.12480164
2014/8/1,76.74394226
2014/8/4,77.98174286
2014/8/5,76.07743073
2014/8/6,72.55445099
2014/8/7,71.4118576
2014/8/8,69.50754547
2014/8/11,71.4118576
2014/8/12,70.26926422
2014/8/13,69.98361206
2014/8/14,69.69796753
2014/8/15,69.03145599
2014/8/18,64.27067566
2014/8/19,61.22376633
2014/8/20,57.51034927
2014/8/21,54.55865479
2014/8/22,58.3672905
2014/8/25,60.36682129
2014/8/26,60.17638779
2014/8/27,60.08117676
2014/8/28,58.65293503
2014/8/29,60.08117676
2014/9/1,64.27067566
2014/9/2,68.65061188
2014/9/3,67.31757355
2014/9/4,69.03145599
2014/9/5,69.69796753
2014/9/9,68.07929993
2014/9/10,68.93625641
2014/9/11,66.65106201
2014/9/12,66.27019501
2014/9/15,67.79364014
2014/9/16,67.31757355
2014/9/17,68.17451477
2014/9/18,68.74581146
2014/9/19,68.74581146
2014/9/22,67.03192902
2014/9/23,66.84149933
2014/9/24,67.03192902
2014/9/25,64.74674225
2014/9/26,63.98501205
2014/9/29,65.41325378
2014/9/30,64.93717957
2014/10/1,64.3658905
2014/10/2,63.98501205
2014/10/3,65.41325378
2014/10/6,65.41325378
2014/10/7,63.79459763
2014/10/8,63.2232933
2014/10/9,62.84243774
2014/10/13,59.41466522
2014/10/14,59.50988007
2014/10/15,59.7955246
2014/10/16,58.557724
2014/10/17,57.89120865
2014/10/20,59.41466522
2014/10/21,58.74815369
2014/10/22,59.50988007
2014/10/23,58.27207565
2014/10/24,57.22470093
2014/10/27,54.3682251
2014/10/28,55.70124817
2014/10/29,59.50988007
2014/10/30,60.84290314
2014/10/31,61.03332901
2014/11/3,60.93811798
2014/11/4,63.41372299
2014/11/5,62.93764496
2014/11/6,61.12854767
2014/11/7,61.4141922
2014/11/10,60.84290314
2014/11/11,59.70031357
2014/11/12,58.08164215
2014/11/13,59.41466522
2014/11/14,58.65293503
2014/11/17,58.74815369
2014/11/18,57.31991577
2014/11/19,58.65293503
2014/11/20,61.31898499
2014/11/21,60.36682129
2014/11/24,61.12854767
2014/11/25,60.93811798
2014/11/26,60.46203613
2014/11/27,60.17638779
2014/11/28,60.08117676
2014/12/1,61.89027405
2014/12/2,61.4141922
2014/12/3,63.79459763
2014/12/4,67.60322571
2014/12/5,66.65106201
2014/12/8,65.98455048
2014/12/9,64.3658905
2014/12/10,65.41325378
2014/12/11,65.69889832
2014/12/12,66.46063995
2014/12/15,66.84149933
2014/12/16,66.46063995
2014/12/17,66.07976532
2014/12/18,65.50848389
2014/12/19,64.17544556
2014/12/22,65.31803894
2014/12/23,68.07929993
2014/12/24,67.2223587
2014/12/25,66.74628448
2014/12/26,66.65106201
2014/12/29,67.03192902
2014/12/30,71.69750214
2014/12/31,76.64871979
2015/1/5,79.98127747
2015/1/6,81.21908569
2015/1/7,79.69563293
2015/1/8,79.69563293
2015/1/9,79.98127747
2015/1/12,78.07695007
2015/1/13,80.45735168
2015/1/14,79.21955109
2015/1/15,79.4099884
2015/1/16,78.36260986
2015/1/19,83.78990936
2015/1/20,83.31382751
2015/1/21,81.98081207
2015/1/22,82.55210114
2015/1/23,81.88559723
2015/1/26,81.59994507
2015/1/27,81.21908569
2015/1/28,80.55256653
2015/1/29,78.74346161
2015/1/30,76.83914948
2015/2/2,75.22048187
2015/2/3,76.64871979
2015/2/4,76.07743073
2015/2/5,75.69657135
2015/2/6,75.31570435
2015/2/9,73.41138458
2015/2/10,73.6018219
2015/2/11,73.6018219
2015/2/12,72.74487305
2015/2/13,72.84009552
2015/2/24,72.45923615
2015/2/25,72.17358398
2015/2/26,72.93530273
2015/3/2,73.31616974
2015/3/3,72.93530273
2015/3/4,72.36401367
2015/3/5,74.93483734
2015/3/6,74.26832581
2015/3/9,73.12574768
2015/3/10,73.22096252
2015/3/11,78.26739502
2015/3/12,75.69657135
2015/3/13,75.22048187
2015/3/16,75.22048187
2015/3/17,74.55397797
2015/3/18,73.79225159
2015/3/19,73.31616974
2015/3/20,73.12574768
2015/3/23,74.26832581
2015/3/24,73.79225159
2015/3/25,72.45923615
2015/3/26,71.50706482
2015/3/27,67.60322571
2015/3/30,65.22283173
2015/3/31,60.93811798
2015/4/1,60.55725479
2015/4/2,63.31851196
2015/4/7,65.6036911
2015/4/8,65.03240204
2015/4/9,64.65153503
2015/4/10,65.22283173
2015/4/13,68.65061188
2015/4/14,71.4118576
2015/4/15,69.88839722
2015/4/16,69.50754547
2015/4/17,69.60274506
2015/4/20,71.0309906
2015/4/21,70.55490875
2015/4/22,68.84103394
2015/4/23,71.22142792
2015/4/24,68.84103394
2015/4/27,69.60274506
2015/4/28,68.65061188
2015/4/29,67.31757355
2015/4/30,68.84103394
2015/5/4,68.55537415
2015/5/5,67.69844055
2015/5/6,68.07929993
2015/5/7,68.36494446
2015/5/8,67.12713623
2015/5/11,64.08023834
2015/5/12,65.98455048
2015/5/13,67.31757355
2015/5/14,65.98455048
2015/5/15,65.31803894
2015/5/18,64.17544556
2015/5/19,64.3658905
2015/5/20,64.46109772
2015/5/21,64.65153503
2015/5/22,65.22283173
2015/5/25,66.74628448
2015/5/26,66.65106201
2015/5/27,66.74628448
2015/5/28,67.60322571
2015/5/29,68.36494446
2015/6/1,68.65061188
2015/6/2,67.79364014
2015/6/3,67.79364014
2015/6/4,66.65106201
2015/6/5,66.74628448
2015/6/8,66.27019501
2015/6/9,63.79459763
2015/6/10,67.41280365
2015/6/11,67.50800323
2015/6/12,67.69844055
2015/6/15,67.69844055
2015/6/16,66.93671417
2015/6/17,67.50800323
2015/6/18,67.69844055
2015/6/22,68.07929993
2015/6/23,66.65106201
2015/6/24,66.55584717
2015/6/25,66.07976532
2015/6/26,65.6036911
2015/6/29,65.6036911
2015/6/30,65.22283173
2015/7/1,65.79412842
2015/7/2,66.65106201
2015/7/3,65.69889832
2015/7/6,64.93717957
2015/7/7,64.65153503
2015/7/8,63.31851196
2015/7/9,62.3663559
2015/7/10,62.3663559
2015/7/13,63.41372299
2015/7/14,63.88980103
2015/7/15,64.55632019
2015/7/16,64.27067566
2015/7/17,63.41372299
2015/7/20,61.89027405
2015/7/21,61.50940704
2015/7/22,59.98595428
2015/7/23,58.65293503
2015/7/24,53.98736191
2015/7/27,48.65528107
2015/7/28,46.65575027
2015/7/29,46.65575027
2015/7/30,48.56005859
2015/7/31,47.60790253
2015/8/3,48.46484756
2015/8/4,45.70358658
2015/8/5,48.75049591
2015/8/6,53.60649872
2015/8/7,52.1782608
2015/8/10,52.46390915
2015/8/11,52.36869812
2015/8/12,48.84570313
2015/8/13,49.13135529
2015/8/14,49.98830032
2015/8/17,48.36962891
2015/8/18,48.08398056
2015/8/19,45.41794586
2015/8/20,45.51315308
2015/8/21,40.99040604
2015/8/24,36.89612579
2015/8/25,36.89612579
2015/8/26,38.56240082
2015/8/27,42.32342911
2015/8/28,42.13299561
2015/8/31,41.9425621
2015/9/1,41.56170273
2015/9/2,41.03801346
2015/9/3,42.08538818
2015/9/4,41.22844315
2015/9/7,40.79997253
2015/9/8,42.27582169
2015/9/9,43.03754425
2015/9/10,44.56099701
2015/9/11,48.94092941
2015/9/14,47.60790253
2015/9/15,46.17966843
2015/9/16,47.17943192
2015/9/17,47.27465057
2015/9/18,49.70265198
2015/9/21,47.79833221
2015/9/22,48.08398056
2015/9/23,46.89378357
2015/9/24,45.51315308
2015/9/25,46.89378357
2015/9/29,46.89378357
2015/9/30,47.17943192
2015/10/1,45.5607605
2015/10/2,46.22727203
2015/10/5,47.41747284
2015/10/6,47.60790253
2015/10/7,46.94139099
2015/10/8,46.60813522
2015/10/12,46.65575027
2015/10/13,46.41770172
2015/10/14,47.46507263
2015/10/15,52.1782608
2015/10/16,57.31991577
2015/10/19,63.03286362
2015/10/20,69.22188568
2015/10/21,68.07929993
2015/10/22,74.07790375
2015/10/23,71.12620544
2015/10/26,71.4118576
2015/10/27,70.26926422
2015/10/28,74.74440765
2015/10/29,69.50754547
2015/10/30,70.93577576
2015/11/2,70.07883453
2015/11/3,71.4118576
2015/11/4,72.74487305
2015/11/5,71.31664276
2015/11/6,73.6018219
2015/11/9,69.98361206
2015/11/10,70.55490875
2015/11/11,67.12713623
2015/11/12,64.27067566
2015/11/13,64.74674225
2015/11/16,63.69937897
2015/11/17,61.89027405
2015/11/18,62.17593002
2015/11/19,62.3663559
2015/11/20,63.88980103
2015/11/23,63.88980103
2015/11/24,62.84243774
2015/11/25,60.46203613
2015/11/26,61.12854767
2015/11/27,61.6046257
2015/11/30,60.27160645
2015/12/1,66.27019501
2015/12/2,64.08023834
2015/12/3,63.69937897
2015/12/4,63.88980103
2015/12/7,63.88980103
2015/12/8,64.17544556
2015/12/9,61.31898499
2015/12/10,60.55725479
2015/12/11,61.89027405
2015/12/14,56.55818939
2015/12/15,58.08164215
2015/12/16,59.03380203
2015/12/17,60.55725479
2015/12/18,62.84243774
2015/12/21,63.41372299
2015/12/22,61.89027405
2015/12/23,62.93764496
2015/12/24,62.08070755
2015/12/25,61.89027405
2015/12/28,63.03286362
2015/12/29,61.6046257
2015/12/30,60.84290314
2015/12/31,60.84290314
2016/1/4,59.60509109
2016/1/5,58.08164215
2016/1/6,59.7955246
2016/1/7,55.41559982
2016/1/8,57.12948608
2016/1/11,57.12948608
2016/1/12,55.70124817
2016/1/13,55.70124817
2016/1/14,52.84477615
2016/1/15,53.32085037
2016/1/18,55.70124817
2016/1/19,58.08164215
2016/1/20,55.41559982
2016/1/21,55.98689651
2016/1/22,56.74861908
2016/1/25,57.12948608
2016/1/26,57.60556412
2016/1/27,58.84336853
2016/1/28,57.51034927
2016/1/29,57.70077515
2016/2/1,58.46250916
2016/2/2,57.98642731
2016/2/3,57.60556412
2016/2/15,56.55818939
2016/2/16,57.03426743
2016/2/17,56.74861908
2016/2/18,57.22470093
2016/2/19,57.41513443
2016/2/22,59.03380203
2016/2/23,58.27207565
2016/2/24,57.31991577
2016/2/25,58.08164215
2016/2/26,60.27160645
2016/3/1,59.7955246
2016/3/2,60.65246964
2016/3/3,61.4141922
2016/3/4,63.31851196
2016/3/7,62.84243774
2016/3/8,63.31851196
2016/3/9,64.55632019
2016/3/10,64.65153503
2016/3/11,64.65153503
2016/3/14,64.93717957
2016/3/15,66.17499542
2016/3/16,70.45970154
2016/3/17,68.07929993
2016/3/18,67.60322571
2016/3/21,65.31803894
2016/3/22,64.27067566
2016/3/23,63.03286362
2016/3/24,63.03286362
2016/3/25,61.98548508
2016/3/28,62.08070755
2016/3/29,61.89027405
2016/3/30,61.12854767
2016/3/31,60.17638779
2016/4/1,61.7950592
2016/4/6,60.93811798
2016/4/7,60.27160645
2016/4/8,62.17593002
2016/4/11,61.50940704
2016/4/12,60.93811798
2016/4/13,61.50940704
2016/4/14,62.84243774
2016/4/15,61.89027405
2016/4/18,60.55725479
2016/4/19,58.27207565
2016/4/20,56.17733002
2016/4/21,56.17733002
2016/4/22,53.89214706
2016/4/25,54.27301025
2016/4/26,55.22516632
2016/4/27,54.3682251
2016/4/28,53.60649872
2016/4/29,52.1782608
2016/5/3,51.79740143
2016/5/4,51.9878273
2016/5/5,51.9878273
2016/5/6,52.55912399
2016/5/9,51.89261246
2016/5/10,51.9878273
2016/5/11,49.79786301
2016/5/12,51.22610855
2016/5/13,49.98830032
2016/5/16,49.32178497
2016/5/17,50.08350754
2016/5/18,52.55912399
2016/5/19,51.41653824
2016/5/20,53.32085037
2016/5/23,54.55865479
2016/5/24,53.79692841
2016/5/25,53.89214706
2016/5/26,53.79692841
2016/5/27,53.60649872
2016/5/30,53.32085037
2016/5/31,53.32085037
2016/6/1,55.41559982
2016/6/2,54.08258057
2016/6/3,53.60649872
2016/6/6,53.79692841
2016/6/7,53.79692841
2016/6/8,53.70171738
2016/6/13,51.13088989
2016/6/14,51.41653824
2016/6/15,51.70217896
2016/6/16,51.22610855
2016/6/17,51.89261246
2016/6/20,52.08304596
2016/6/21,52.36869812
2016/6/22,52.55912399
2016/6/23,52.65433884
2016/6/24,49.89308548
2016/6/27,50.46437836
2016/6/28,50.46437836
2016/6/29,50.94045639
2016/6/30,50.46437836
2016/7/1,50.27394485
2016/7/4,50.46437836
2016/7/5,51.03566742
2016/7/6,50.5595932
2016/7/7,50.94045639
2016/7/8,50.94045639
2016/7/11,50.65480804
2016/7/12,51.60697174
2016/7/13,51.9878273
2016/7/14,51.89261246
2016/7/15,51.89261246
2016/7/18,57.03426743
2016/7/19,55.32038116
2016/7/20,55.60603333
2016/7/21,55.60603333
2016/7/22,55.22516632
2016/7/25,55.22516632
2016/7/26,55.32038116
2016/7/27,49.79786301
2016/7/28,49.51222229
2016/7/29,49.60743332
2016/8/1,46.5605278
2016/8/2,47.51268768
2016/8/3,49.89308548
2016/8/4,49.32178497
2016/8/5,50.08350754
2016/8/8,51.13088989
2016/8/9,49.98830032
2016/8/10,51.13088989
2016/8/11,51.89261246
2016/8/12,50.27394485
2016/8/15,49.32178497
2016/8/16,47.89355087
2016/8/17,47.27465057
2016/8/18,47.70312119
2016/8/19,47.32225418
2016/8/22,46.46531677
2016/8/23,46.94139099
2016/8/24,46.51292419
2016/8/25,46.70335007
2016/8/26,46.98900223
2016/8/29,46.46531677
2016/8/30,46.46531677
2016/8/31,46.75095749
2016/9/1,46.75095749
2016/9/2,44.89425278
2016/9/5,46.03684235
2016/9/6,45.98923111
2016/9/7,45.84641266
2016/9/8,46.41770172
2016/9/9,45.9416275
2016/9/12,45.08468628
2016/9/13,44.79903793
2016/9/14,44.1325264
2016/9/19,44.9418602
2016/9/20,44.84664154
2016/9/21,45.13229752
2016/9/22,45.17990112
2016/9/23,46.132061
2016/9/26,48.46484756
2016/9/27,48.46484756
2016/9/28,48.46484756
2016/9/29,47.98876953
2016/9/30,47.17943192
2016/10/3,47.79833221
2016/10/4,46.5605278
2016/10/5,46.41770172
2016/10/6,47.36986542
2016/10/7,48.08398056
2016/10/11,47.17943192
2016/10/12,47.22703934
2016/10/13,47.60790253
2016/10/14,46.17966843
2016/10/17,45.60837173
2016/10/18,45.79880142
2016/10/19,45.9416275
2016/10/20,45.5607605
2016/10/21,45.70358658
2016/10/24,46.46531677
2016/10/25,46.51292419
2016/10/26,46.46531677
2016/10/27,46.08445358
2016/10/28,46.17966843
2016/10/31,45.98923111
2016/11/1,45.41794586
2016/11/2,44.08491516
2016/11/3,42.79950714
2016/11/4,42.89472198
2016/11/7,42.89472198
2016/11/8,43.3231926
2016/11/9,41.03801346
2016/11/10,41.70452881
2016/11/11,38.65761185
2016/11/14,37.32460022
2016/11/15,37.61024094
2016/11/16,38.18154144
2016/11/17,37.89588928
2016/11/18,37.70545959
2016/11/21,37.22937775
2016/11/22,38.56240082
2016/11/23,39.03847504
2016/11/24,38.22914886
2016/11/25,38.41957474
2016/11/28,38.27675247
2016/11/29,38.22914886
2016/11/30,38.37197113
2016/12/1,38.03871536
2016/12/2,38.56240082
2016/12/5,37.84828568
2016/12/6,37.80067444
2016/12/7,38.08632278
2016/12/8,38.56240082
2016/12/9,38.27675247
2016/12/12,37.99110413
2016/12/13,37.99110413
2016/12/14,37.80067444
2016/12/15,37.9434967
2016/12/16,41.70452881
2016/12/19,45.84641266
2016/12/20,43.37080002
2016/12/21,44.08491516
2016/12/22,43.79926682
2016/12/23,43.79926682
2016/12/26,43.03754425
2016/12/27,43.18037033
2016/12/28,42.94232941
2016/12/29,42.22821045
2016/12/30,42.27582169
2017/1/3,42.46625137
2017/1/4,41.89495468
2017/1/5,42.65668106
2017/1/6,42.3710289
2017/1/9,43.03754425
2017/1/10,42.51385498
2017/1/11,42.08538818
2017/1/12,42.51385498
2017/1/13,43.08514786
2017/1/16,42.75189972
2017/1/17,42.56146622
2017/1/18,43.41840363
2017/1/19,42.60907745
2017/1/20,42.32342911
2017/1/23,42.08538818
2017/1/24,42.22821045
2017/2/2,40.46672058
2017/2/3,40.75236511
2017/2/6,41.3236618
2017/2/7,41.13322449
2017/2/8,40.60954285
2017/2/9,40.94279861
2017/2/10,40.75236511
2017/2/13,40.5619278
2017/2/14,39.94303131
2017/2/15,40.46672058
2017/2/16,39.65738297
2017/2/17,40.27628326
2017/2/20,42.84711075
2017/2/21,42.08538818
2017/2/22,42.08538818
2017/2/23,42.08538818
2017/2/24,41.60930634
2017/3/1,41.27605057
2017/3/2,41.08562469
2017/3/3,41.03801346
2017/3/6,41.65691376
2017/3/7,41.89495468
2017/3/8,41.56170273
2017/3/9,41.27605057
2017/3/10,40.70475769
2017/3/13,40.18107224
2017/3/14,40.18107224
2017/3/15,40.22867584
2017/3/16,39.99063873
2017/3/17,39.99063873
2017/3/20,40.08584976
2017/3/21,39.89542389
2017/3/22,39.75259781
2017/3/23,39.89542389
2017/3/24,40.18107224
2017/3/27,40.18107224
2017/3/28,38.99087143
2017/3/29,39.27651978
2017/3/30,40.46672058
2017/3/31,39.99063873
2017/4/5,40.27628326
2017/4/6,41.18083572
2017/4/7,41.60930634
2017/4/10,41.41888046
2017/4/11,41.7521286
2017/4/12,41.89495468
2017/4/13,41.27605057
2017/4/14,40.27628326
2017/4/17,39.27651978
2017/4/18,39.7049942
2017/4/19,39.03847504
2017/4/20,38.75283813
2017/4/21,39.13369751
2017/4/24,38.65761185
2017/4/25,38.89565659
2017/4/26,38.94326782
2017/4/27,39.13369751
2017/4/28,39.22891617
2017/5/2,39.94303131
2017/5/3,40.08584976
2017/5/4,40.08584976
2017/5/5,39.60977554
2017/5/8,40.22867584
2017/5/9,38.84804916
2017/5/10,38.94326782
2017/5/11,40.27628326
2017/5/12,39.7049942
2017/5/15,39.7049942
2017/5/16,39.41934967
2017/5/17,39.27651978
2017/5/18,39.41934967
2017/5/19,39.60977554
2017/5/22,39.3717308
2017/5/23,40.22867584
2017/5/24,41.3236618
2017/5/25,45.41794586
2017/5/26,49.89308548
2017/5/31,49.60743332
2017/6/1,48.1791954
2017/6/2,48.1791954
2017/6/5,47.51268768
2017/6/6,47.32225418
2017/6/7,49.32178497
2017/6/8,47.60790253
2017/6/9,47.70312119
2017/6/12,47.03660965
2017/6/13,47.70312119
2017/6/14,45.79880142
2017/6/15,46.03684235
2017/6/16,47.22703934
2017/6/19,46.89378357
2017/6/20,47.70312119
2017/6/21,46.98900223
2017/6/22,46.51292419
2017/6/23,45.79880142
2017/6/26,45.9416275
2017/6/27,44.7514267
2017/6/28,43.79926682
2017/6/29,42.84711075
2017/6/30,42.65668106
2017/7/3,43.18037033
2017/7/4,43.22798157
2017/7/5,42.84711075
2017/7/6,42.46625137
2017/7/7,41.22844315
2017/7/10,40.27628326
2017/7/11,40.46672058
2017/7/12,41.03801346
2017/7/13,40.5619278
2017/7/14,40.60954285
2017/7/17,40.37150192
2017/7/18,40.27628326
2017/7/19,40.46672058
2017/7/20,39.5145607
2017/7/21,39.75259781
2017/7/24,39.13369751
2017/7/25,39.27651978
2017/7/26,39.46695328
2017/7/27,39.60977554
2017/7/28,39.32412338
2017/7/31,39.32412338
2017/8/1,39.13369751
2017/8/2,39.22891617
2017/8/3,38.65761185
2017/8/4,38.65761185
2017/8/7,38.75283813
2017/8/8,38.56240082
2017/8/9,38.03871536
2017/8/10,38.08632278
2017/8/11,38.03871536
2017/8/14,37.03895187
2017/8/15,36.89612579
2017/8/16,37.89588928
2017/8/17,37.61024094
2017/8/18,37.08655548
2017/8/21,37.08655548
2017/8/22,37.18177414
2017/8/23,37.89588928
2017/8/24,38.70522308
2017/8/25,38.22914886
2017/8/28,38.70522308
2017/8/29,38.08632278
2017/8/30,38.32435989
2017/8/31,38.18154144
2017/9/1,38.37197113
2017/9/4,39.18130493
2017/9/5,39.08609009
2017/9/6,38.22914886
2017/9/7,38.08632278
2017/9/8,38.03871536
2017/9/11,37.99110413
2017/9/12,37.80067444
2017/9/13,37.84828568
2017/9/14,37.99110413
2017/9/15,37.70545959
2017/9/18,37.56263733
2017/9/19,37.65785217
2017/9/20,37.75306702
2017/9/21,39.32412338
2017/9/22,38.27675247
2017/9/25,39.03847504
2017/9/26,38.32435989
2017/9/27,38.5147934
2017/9/28,38.08632278
2017/9/29,37.70545959
2017/10/2,39.03847504
2017/10/3,38.94326782
2017/10/5,38.56240082
2017/10/6,39.5145607
2017/10/11,38.46718979
2017/10/12,38.37197113
2017/10/13,37.99110413
2017/10/16,38.32435989
2017/10/17,37.80067444
2017/10/18,37.80067444
2017/10/19,37.80067444
2017/10/20,37.41981125
2017/10/23,37.70545959
2017/10/24,37.75306702
2017/10/25,37.61024094
2017/10/26,37.61024094
2017/10/27,37.41981125
2017/10/30,37.61024094
2017/10/31,37.70545959
2017/11/1,37.75306702
2017/11/2,38.27675247
2017/11/3,38.27675247
2017/11/6,37.70545959
2017/11/7,37.51502991
2017/11/8,38.46718979
2017/11/9,37.51502991
2017/11/10,38.08632278
2017/11/13,37.75306702
2017/11/14,37.61024094
2017/11/15,37.37220383
2017/11/16,37.41981125
2017/11/17,37.41981125
2017/11/20,37.18177414
2017/11/21,37.27698898
2017/11/22,36.99134064
2017/11/23,37.08655548
2017/11/24,37.61024094
2017/11/27,37.89588928
2017/11/28,37.89588928
2017/11/29,37.75306702
2017/11/30,37.27698898
2017/12/1,37.08655548
2017/12/4,36.84851837
2017/12/5,36.89612579
2017/12/6,36.70569229
2017/12/7,36.22961807
2017/12/8,33.37314224
2017/12/11,34.42051697
2017/12/12,34.13486862
2017/12/13,34.37290573
2017/12/14,34.84898376
2017/12/15,34.65855408
2017/12/18,34.65855408
2017/12/19,33.75400162
2017/12/20,33.94443512
2017/12/21,34.08725739
2017/12/22,34.4681282
2017/12/25,34.56333542
2017/12/26,33.99204636
2017/12/27,34.18247223
2017/12/28,34.13486862
2017/12/29,34.13486862
2018/1/2,37.51502991
2018/1/3,39.03847504
2018/1/4,38.70522308
2018/1/5,38.75283813
2018/1/8,38.84804916
2018/1/9,38.18154144
2018/1/10,39.18130493
2018/1/11,39.03847504
2018/1/12,38.65761185
2018/1/15,38.80044556
2018/1/16,38.27675247
2018/1/17,38.18154144
2018/1/18,38.65761185
2018/1/19,38.37197113
2018/1/22,38.65761185
2018/1/23,38.61000824
2018/1/24,38.80044556
2018/1/25,38.08632278
2018/1/26,38.13393021
2018/1/29,37.80067444
2018/1/30,37.1341629
2018/1/31,36.80091095
2018/2/1,36.80091095
2018/2/2,36.70569229
2018/2/5,35.7059288
2018/2/6,32.2781601
2018/2/7,32.37337112
2018/2/8,32.23054886
2018/2/9,32.23054886
2018/2/12,30.75470352
2018/2/21,31.51643181
2018/2/22,31.94490051
2018/2/23,33.32553101
2018/2/26,32.99227524
2018/2/27,32.84944916
2018/3/1,33.1350975
2018/3/2,33.46835709
2018/3/5,32.46858978
2018/3/6,32.46858978
2018/3/7,32.46858978
2018/3/8,32.18294525
2018/3/9,32.37337112
2018/3/12,32.46858978
2018/3/13,32.56380844
2018/3/14,32.80184555
2018/3/15,32.61141586
2018/3/16,32.37337112
2018/3/19,32.08772278
2018/3/20,31.80208015
2018/3/21,31.80208015
2018/3/22,31.61164665
2018/3/23,30.42145157
2018/3/26,31.13556862
2018/3/27,31.7068615
2018/3/28,33.23031998
2018/3/29,32.75424194
2018/3/30,32.46858978
2018/4/2,33.42074966
2018/4/3,36.7532959
2018/4/9,36.7532959
2018/4/10,35.80114365
2018/4/11,36.56287384
2018/4/12,34.65855408
2018/4/13,34.65855408
2018/4/16,33.89682007
2018/4/17,32.94467163
2018/4/18,33.1350975
2018/4/19,32.84944916
2018/4/20,32.51620102
2018/4/23,32.56380844
2018/4/24,31.94490051
2018/4/25,32.18294525
2018/4/26,32.18294525
2018/4/27,31.7068615
2018/4/30,32.46858978
2018/5/2,32.46858978
2018/5/3,33.03988266
2018/5/4,32.46858978
2018/5/7,32.2781601
2018/5/8,32.08772278
2018/5/9,30.04058838
2018/5/10,30.94513702
2018/5/11,30.2786274
2018/5/14,30.94513702
2018/5/15,30.94513702
2018/5/16,30.42145157
2018/5/17,33.42074966
2018/5/18,32.84944916
2018/5/21,32.56380844
2018/5/22,32.61141586
2018/5/23,32.65901947
2018/5/24,32.99227524
2018/5/25,33.1350975
2018/5/28,33.32553101
2018/5/29,32.75424194
2018/5/30,32.99227524
2018/5/31,32.84944916
2018/6/1,32.75424194
2018/6/4,32.65901947
2018/6/5,32.56380844
2018/6/6,32.75424194
2018/6/7,32.56380844
2018/6/8,32.04011917
2018/6/11,32.46858978
2018/6/12,32.65901947
2018/6/13,33.51596451
2018/6/14,32.70662689
2018/6/15,32.46858978
2018/6/19,31.80208015
2018/6/20,31.51643181
2018/6/21,31.42121887
2018/6/22,31.27839088
2018/6/25,31.27839088
2018/6/26,30.94513702
2018/6/27,30.80231285
2018/6/28,30.65949249
2018/6/29,30.75470352
2018/7/2,30.80231285
2018/7/3,30.46905899
2018/7/4,30.23101807
2018/7/5,29.65972519
2018/7/6,28.70756721
2018/7/9,28.56474304
2018/7/10,28.94560432
2018/7/11,28.94560432
2018/7/12,29.18364525
2018/7/13,28.94560432
2018/7/16,28.70756721
2018/7/17,28.61235046
2018/7/18,28.70756721
2018/7/19,28.70756721
2018/7/20,28.65995789
2018/7/23,28.75517464
2018/7/24,28.75517464
2018/7/25,28.65995789
2018/7/26,28.70756721
2018/7/27,28.85038757
2018/7/30,28.56474304
2018/7/31,28.75517464
2018/8/1,28.65995789
2018/8/2,28.2790947
2018/8/3,28.32670212
2018/8/6,28.65995789
2018/8/7,28.99321365
2018/8/8,28.70756721
2018/8/9,28.56474304
2018/8/10,28.94560432
2018/8/13,27.13650513
2018/8/14,26.8984642
2018/8/15,25.70826912
2018/8/16,24.70850372
2018/8/17,24.70850372
2018/8/20,23.2802639
2018/8/21,23.23265839
2018/8/22,23.37547874
2018/8/23,23.75634384
2018/8/24,23.32787514
2018/8/27,23.37547874
2018/8/28,23.42308998
2018/8/29,23.61351967
2018/8/30,23.51830482
2018/8/31,23.75634384
2018/9/3,23.75634384
2018/9/4,23.89916611
2018/9/5,24.13720894
2018/9/6,23.61351967
2018/9/7,23.80395126
2018/9/10,22.2804985
2018/9/11,22.23289108
2018/9/12,21.70920181
2018/9/13,21.89963341
2018/9/14,24.0895977
2018/9/17,24.37524796
2018/9/18,24.47046471
2018/9/19,24.42285156
2018/9/20,24.56567764
2018/9/21,24.42285156
2018/9/25,23.99438477
2018/9/26,23.61351967
2018/9/27,25.94630623
2018/9/28,26.0891304
2018/10/1,26.279562
2018/10/2,25.89870071
2018/10/3,25.75587463
2018/10/4,25.23218918
2018/10/5,24.32764053
2018/10/8,23.70873642
2018/10/9,24.04199028
2018/10/11,21.6615963
2018/10/12,22.4709301
2018/10/15,22.13767624
2018/10/16,22.09006882
2018/10/17,22.09006882
2018/10/18,21.6615963
2018/10/19,21.51877213
2018/10/22,21.75681496
2018/10/23,21.32834053
2018/10/24,21.42355537
2018/10/25,20.94747734
2018/10/26,19.80488777
2018/10/29,19.80488777
2018/10/30,19.61445808
2018/10/31,19.99531937
2018/11/1,21.61399078
2018/11/2,21.51877213
2018/11/5,21.89963341
2018/11/6,21.37594986
2018/11/7,21.42355537
2018/11/8,21.4711647
2018/11/9,21.6615963
2018/11/12,21.42355537
2018/11/13,21.28073311
2018/11/14,20.99508476
2018/11/15,20.99508476
2018/11/16,21.13791084
2018/11/19,21.6615963
2018/11/20,21.37594986
2018/11/21,21.28073311
2018/11/22,21.28073311
2018/11/23,21.28073311
2018/11/26,23.37547874
2018/11/27,22.56614876
2018/11/28,23.08983421
2018/11/29,21.85202789
2018/11/30,22.2804985
2018/12/3,22.56614876
2018/12/4,22.18528175
2018/12/5,21.89963341
2018/12/6,21.37594986
2018/12/7,21.70920181
2018/12/10,21.42355537
2018/12/11,21.75681496
2018/12/12,21.89963341
2018/12/13,21.89963341
2018/12/14,22.13767624
2018/12/17,21.80441856
2018/12/18,21.51877213
2018/12/19,21.4711647
2018/12/20,21.23312569
2018/12/21,21.04269409
2018/12/24,22.13767624
2018/12/25,21.56637764
2018/12/26,22.85179329
2018/12/27,24.56567764
2018/12/28,24.23242378
2019/1/2,24.23242378
2019/1/3,24.2800293
2019/1/4,22.89940071
2019/1/7,23.61351967
2019/1/8,23.13743782
2019/1/9,23.2802639
2019/1/10,22.99461555
2019/1/11,23.04222679
2019/1/14,22.94701004
2019/1/15,23.18504906
2019/1/16,25.4702282
2019/1/17,26.18434906
2019/1/18,27.56497765
2019/1/21,25.75587463
2019/1/22,25.08936691
2019/1/23,25.23218918
2019/1/24,24.85132599
2019/1/25,24.61328697
2019/1/28,24.23242378
2019/1/29,24.23242378
2019/1/30,23.99438477
2019/2/11,23.51830482
2019/2/12,24.0895977
2019/2/13,23.75634384
2019/2/14,23.66112709
2019/2/15,23.66112709
2019/2/18,23.80395126
2019/2/19,23.99438477
2019/2/20,23.99438477
2019/2/21,24.18481445
2019/2/22,24.61328697
2019/2/25,24.61328697
2019/2/26,24.42285156
2019/2/27,24.2800293
2019/3/4,26.46999168
2019/3/5,25.56544495
2019/3/6,25.61305428
2019/3/7,24.8989315
2019/3/8,24.85132599
2019/3/11,25.04175377
2019/3/12,24.94654274
2019/3/13,25.08936691
2019/3/14,25.08936691
2019/3/15,25.08936691
2019/3/18,25.18458176
2019/3/19,25.08936691
2019/3/20,25.04175377
2019/3/21,25.13697243
2019/3/22,25.04175377
2019/3/25,23.99438477
2019/3/26,24.2800293
2019/3/27,24.32764053
2019/3/28,24.0895977
2019/3/29,23.80395126
2019/4/1,23.70873642
2019/4/2,23.2802639
2019/4/3,22.94701004
2019/4/8,23.4706955
2019/4/9,23.66112709
2019/4/10,25.23218918
2019/4/11,24.8989315
2019/4/12,24.47046471
2019/4/15,24.47046471
2019/4/16,25.13697243
2019/4/17,24.8989315
2019/4/18,24.37524796
2019/4/19,24.42285156
2019/4/22,24.04199028
2019/4/23,24.13720894
2019/4/24,23.99438477
2019/4/25,23.94677544
2019/4/26,23.51830482
2019/4/29,23.80395126
2019/4/30,23.99438477
2019/5/2,24.0895977
2019/5/3,23.99438477
2019/5/6,23.51830482
2019/5/7,23.61351967
2019/5/8,24.42285156
2019/5/9,23.80395126
2019/5/10,23.32787514
2019/5/13,23.37547874
2019/5/14,23.56591225
2019/5/15,23.61351967
2019/5/16,23.51830482
2019/5/17,22.61375427
2019/5/20,22.66135979
2019/5/21,22.85179329
2019/5/22,22.66135979
2019/5/23,22.2804985
2019/5/24,22.37571335
2019/5/27,22.85179329
2019/5/28,23.13743782
2019/5/29,22.85179329
2019/5/30,23.23265839
2019/5/31,23.08983421
2019/6/3,23.51830482
2019/6/4,23.66112709
2019/6/5,23.85156059
2019/6/6,23.89916611
2019/6/10,23.89916611
2019/6/11,23.80395126
2019/6/12,23.75634384
2019/6/13,23.56591225
2019/6/14,23.51830482
2019/6/17,23.4706955
2019/6/18,23.37547874
2019/6/19,23.51830482
2019/6/20,23.32787514
2019/6/21,23.23265839
2019/6/24,23.42308998
2019/6/25,23.23265839
2019/6/26,23.32787514
2019/6/27,23.23265839
2019/6/28,23.23265839
2019/7/1,23.42308998
2019/7/2,23.70873642
2019/7/3,23.94677544
2019/7/4,24.37524796
2019/7/5,24.18481445
2019/7/8,23.89916611
2019/7/9,23.75634384
2019/7/10,23.61351967
2019/7/11,23.56591225
2019/7/12,23.61351967
2019/7/15,23.75634384
2019/7/16,23.61351967
2019/7/17,23.51830482
2019/7/18,23.61351967
2019/7/19,23.56591225
2019/7/22,24.2800293
2019/7/23,24.18481445
2019/7/24,24.37524796
2019/7/25,25.04175377
2019/7/26,24.8989315
2019/7/29,24.80371666
2019/7/30,24.32764053
2019/7/31,24.8989315
2019/8/1,24.66089249
2019/8/2,23.94677544
2019/8/5,23.04222679
2019/8/6,22.85179329
2019/8/7,23.37547874
2019/8/8,23.80395126
2019/8/12,23.75634384
2019/8/13,23.66112709
2019/8/14,23.70873642
2019/8/15,23.04222679
2019/8/16,22.99461555
2019/8/19,23.08983421
2019/8/20,23.08983421
2019/8/21,24.2800293
2019/8/22,24.13720894
2019/8/23,23.89916611
2019/8/26,23.37547874
2019/8/27,23.80395126
2019/8/28,26.18434906
2019/8/29,28.80278206
2019/8/30,28.51713371
2019/9/2,29.04082108
2019/9/3,29.04082108
2019/9/4,31.94490051
2019/9/5,32.65901947
2019/9/6,31.7068615
2019/9/10,30.94513702
2019/9/11,30.08819389
2019/9/12,29.08842659
2019/9/16,28.04105568
2019/9/17,29.08842659
2019/9/18,29.18364525
2019/9/19,28.65995789
2019/9/20,31.51643181
2019/9/23,32.94467163
2019/9/24,34.27768707
2019/9/25,34.27768707
2019/9/26,35.42027664
2019/9/27,37.1341629
2019/10/1,36.42004776
2019/10/2,37.65785217
2019/10/3,37.46741867
2019/10/4,36.27722549
2019/10/7,35.03941727
2019/10/8,35.22985077
2019/10/9,35.7059288
2019/10/14,35.5154953
2019/10/15,36.32483292
2019/10/16,35.84875107
2019/10/17,35.80114365
2019/10/18,36.7532959
2019/10/21,40.41910934
2019/10/22,41.3236618
2019/10/23,40.3238945
2019/10/24,41.60930634
2019/10/25,41.08562469
2019/10/28,39.08609009
2019/10/29,38.03871536
2019/10/30,38.37197113
2019/10/31,38.84804916
2019/11/1,42.70428467
2019/11/4,41.3236618
2019/11/5,41.3236618
2019/11/6,41.3236618
2019/11/7,41.22844315
2019/11/8,40.08584976
2019/11/11,40.37150192
2019/11/12,41.27605057
2019/11/13,41.79973984
2019/11/14,38.08632278
2019/11/15,38.65761185
2019/11/18,37.9434967
2019/11/19,37.80067444
2019/11/20,37.80067444
2019/11/21,38.41957474
2019/11/22,38.08632278
2019/11/25,37.99110413
2019/11/26,38.99087143
2019/11/27,40.5619278
2019/11/28,39.56216812
2019/11/29,38.46718979
2019/12/2,38.08632278
2019/12/3,37.9434967
2019/12/4,37.84828568
2019/12/5,37.99110413
2019/12/6,38.56240082
2019/12/9,38.41957474
2019/12/10,38.22914886
2019/12/11,37.99110413
2019/12/12,38.18154144
2019/12/13,37.18177414
2019/12/16,38.08632278
2019/12/17,38.5147934
2019/12/18,38.08632278
2019/12/19,37.46741867
2019/12/20,37.18177414
2019/12/23,37.37220383
2019/12/24,37.65785217
2019/12/25,39.60977554
2019/12/26,39.56216812
2019/12/27,39.27651978
2019/12/30,38.94326782
2019/12/31,41.41888046
2020/1/2,41.51408768
2020/1/3,39.94303131
2020/1/6,40.18107224
2020/1/7,39.89542389
2020/1/8,38.13393021
2020/1/9,39.89542389
2020/1/10,41.18083572
2020/1/13,40.75236511
2020/1/14,41.70452881
2020/1/15,40.89518738
2020/1/16,40.22867584
2020/1/17,40.3238945
2020/1/20,40.5619278
2020/1/30,36.80091095
2020/1/31,36.61048126
2020/2/3,33.65878677
2020/2/4,34.99180603
2020/2/5,35.22985077
2020/2/6,36.03917694
2020/2/7,36.03917694
2020/2/10,37.75306702
2020/2/11,39.56216812
2020/2/12,38.46718979
2020/2/13,38.5147934
2020/2/14,39.18130493
2020/2/17,40.03824997
2020/2/18,39.13369751
2020/2/19,39.46695328
2020/2/20,39.41934967
2020/2/21,39.65738297
2020/2/24,40.27628326
2020/2/25,39.99063873
2020/2/26,40.5619278
2020/2/27,38.27675247
2020/3/2,37.75306702
2020/3/3,37.89588928
2020/3/4,37.51502991
2020/3/5,37.80067444
2020/3/6,37.32460022
2020/3/9,36.18200684
2020/3/10,34.80137253
2020/3/11,33.32553101
2020/3/12,30.08819389
2020/3/13,27.66019058
2020/3/16,27.99344826
2020/3/17,25.23218918
2020/3/18,25.23218918
2020/3/19,22.04245758
2020/3/20,22.37571335
2020/3/23,20.47139931
2020/3/24,22.51853752
2020/3/25,24.75611115
2020/3/26,27.23171997
2020/3/27,29.94537163
2020/3/30,32.37337112
2020/3/31,32.37337112
2020/4/1,30.94513702
2020/4/6,34.03964996
2020/4/7,36.18200684
2020/4/8,38.18154144
2020/4/9,36.51525497
2020/4/10,37.18177414
2020/4/13,36.89612579
2020/4/14,37.46741867
2020/4/15,39.03847504
2020/4/16,38.89565659
2020/4/17,37.89588928
2020/4/20,36.94373703
2020/4/21,35.99157333
2020/4/22,36.37243652
2020/4/23,37.1341629
2020/4/24,38.37197113
2020/4/27,37.70545959
2020/4/28,37.27698898
2020/4/29,37.32460022
2020/4/30,37.32460022
2020/5/4,41.03801346
2020/5/5,39.5145607
2020/5/6,39.60977554
2020/5/7,40.27628326
2020/5/8,38.99087143
2020/5/11,39.03847504
2020/5/12,39.3717308
2020/5/13,41.70452881
2020/5/14,39.03847504
2020/5/15,38.61000824
2020/5/18,39.5145607
2020/5/19,39.22891617
2020/5/20,39.22891617
2020/5/21,41.3236618
2020/5/22,41.65691376
2020/5/25,45.79880142
2020/5/26,50.36916351
2020/5/27,55.32038116
2020/5/28,52.36869812
2020/5/29,54.46343994
2020/6/1,58.3672905
2020/6/2,55.70124817
2020/6/3,57.51034927
2020/6/4,56.74861908
2020/6/5,58.46250916
2020/6/8,64.27067566
2020/6/9,61.69984436
2020/6/10,58.46250916
2020/6/11,55.51081467
2020/6/12,57.03426743
2020/6/15,55.70124817
2020/6/16,56.93905258
2020/6/17,58.17685318
2020/6/18,59.89074326
2020/6/19,62.08070755
2020/6/22,59.31945038
2020/6/23,57.7959938
2020/6/24,60.46203613
2020/6/29,59.31945038
2020/6/30,59.98595428
2020/7/1,59.98595428
2020/7/2,61.89027405
2020/7/3,60.17638779
2020/7/6,59.98595428
2020/7/7,57.22470093
2020/7/8,57.35639954
2020/7/9,57.54726791
2020/7/10,56.02030945
2020/7/13,56.78378677
2020/7/14,55.92486954
2020/7/15,54.11161041
2020/7/16,54.97052383
2020/7/17,55.06596375
2020/7/20,55.35226059
2020/7/21,55.35226059
2020/7/22,54.39791489
2020/7/23,54.01617813
2020/7/24,50.58051682
2020/7/27,47.28801346
2020/7/28,48.67181396
2020/7/29,52.29834366
2020/7/30,51.53486633
2020/7/31,50.48508453
2020/8/3,50.77138519
2020/8/4,51.24856186
2020/8/5,53.34813309
2020/8/6,51.43943405
2020/8/7,51.15312576
2020/8/10,51.34400177
2020/8/11,49.53073883
2020/8/12,48.67181396
2020/8/13,49.14899445
2020/8/14,50.77138519
2020/8/17,51.82117081
2020/8/18,50.58051682
2020/8/19,49.43529892
2020/8/20,46.23823166
2020/8/21,48.95812225
2020/8/24,50.10334396
2020/8/25,50.58051682
2020/8/26,51.05769348
2020/8/27,51.43943405
2020/8/28,50.19877625
2020/8/31,48.95812225
2020/9/1,49.24442673
2020/9/2,48.5763855
2020/9/3,48.67181396
2020/9/4,47.81290436
2020/9/7,46.76312256
2020/9/8,46.85855103
2020/9/9,47.38344955
2020/9/10,47.52659988
2020/9/11,46.95399475
2020/9/14,47.00170898
2020/9/15,47.47888184
2020/9/16,47.33573151
2020/9/17,47.24029541
2020/9/18,46.76312256
2020/9/21,46.14279175
2020/9/22,45.09300995
2020/9/23,44.56811523
2020/9/24,42.75485229
2020/9/25,39.1283226
2020/9/28,40.32126236
2020/9/29,40.03495789
2020/9/30,41.03702545
2020/10/5,41.27561188
2020/10/6,40.94158936
2020/10/7,40.22583008
2020/10/8,40.51213074
2020/10/12,40.65528107
2020/10/13,40.70300293
2020/10/14,40.46441269
2020/10/15,40.94158936
2020/10/16,40.36897659
2020/10/19,39.60549927
2020/10/20,38.65114975
2020/10/21,40.08267593
2020/10/22,39.31919861
2020/10/23,40.32126236
2020/10/26,40.36897659
2020/10/27,40.27354431
2020/10/28,39.03289413
2020/10/29,38.36484528
2020/10/30,38.46028519
2020/11/2,38.65114975
2020/11/3,38.41255951
2020/11/4,38.41255951
2020/11/5,38.6988678
2020/11/6,38.98517227
2020/11/9,39.60549927
2020/11/10,39.17604065
2020/11/11,39.27147675
2020/11/12,40.75072479
2020/11/13,40.46441269
2020/11/16,39.89180374
2020/11/17,39.31919861
2020/11/18,39.98724365
2020/11/19,40.5598526
2020/11/20,44.61583328
2020/11/23,49.05356216
2020/11/24,46.66768646
2020/11/25,46.14279175
2020/11/26,47.28801346
2020/11/27,46.76312256
2020/11/30,46.23823166
2020/12/1,45.80876923
2020/12/2,45.90420532
2020/12/3,46.76312256
2020/12/4,47.19257736
2020/12/7,51.82117081
2020/12/8,48.5763855
2020/12/9,47.71746826
2020/12/10,47.90833664
2020/12/11,46.5245285
2020/12/14,46.57225418
2020/12/15,44.85441971
2020/12/16,45.61789703
2020/12/17,46.14279175
2020/12/18,45.80876923
2020/12/21,44.94985199
2020/12/22,43.70920181
2020/12/23,45.09300995
2020/12/24,44.520401
2020/12/25,44.56811523
2020/12/28,44.47268295
2020/12/29,45.61789703
2020/12/30,50.10334396
2020/12/31,48.67181396
2021/1/4,48.48094559
2021/1/5,47.71746826
2021/1/6,46.19051361
2021/1/7,47.14485931
2021/1/8,48.00377655
2021/1/11,47.47888184
2021/1/12,45.80876923
2021/1/13,46.42910004
2021/1/14,46.61996841
2021/1/15,45.52246857
2021/1/18,47.28801346
2021/1/19,46.5245285
2021/1/20,45.42702866
2021/1/21,45.80876923
2021/1/22,46.19051361
2021/1/25,46.95399475
2021/1/26,46.28594589
2021/1/27,46.23823166
2021/1/28,45.33159637
2021/1/29,44.66355133
2021/2/1,43.32746506
2021/2/2,43.23202515
2021/2/3,43.08887482
2021/2/4,42.27767563
2021/2/5,42.46854401
2021/2/17,43.27974701
2021/2/18,44.47268295
2021/2/19,45.37931442
2021/2/22,45.23616409
2021/2/23,45.140728
2021/2/24,44.37725067
2021/2/25,46.57225418
2021/2/26,46.38137436
2021/3/2,47.52659988
2021/3/3,46.38137436
2021/3/4,46.38137436
2021/3/5,47.24029541
2021/3/8,46.57225418
2021/3/9,45.57018661
2021/3/10,45.37931442
2021/3/11,45.85649109
2021/3/12,45.76105118
2021/3/15,46.85855103
2021/3/16,46.42910004
2021/3/17,46.47681808
2021/3/18,46.28594589
2021/3/19,46.14279175
2021/3/22,46.90627289
2021/3/23,45.61789703
2021/3/24,45.71333694
2021/3/25,45.80876923
2021/3/26,45.85649109
2021/3/29,45.85649109
2021/3/30,46.19051361
2021/3/31,46.57225418
2021/4/1,46.76312256
2021/4/7,46.85855103
2021/4/8,48.38551712
2021/4/9,50.00790787
2021/4/12,54.97052383
2021/4/13,60.41031647
2021/4/14,58.21530914
2021/4/15,64.03684235
2021/4/16,69.09490204
2021/4/19,68.90402222
2021/4/20,69.66751099
2021/4/21,66.80445862
2021/4/22,61.55553436
2021/4/23,64.89575958
2021/4/26,67.09076691
2021/4/27,65.18206787
2021/4/28,68.04511261
2021/4/29,69.76293182
2021/5/3,69.38119507
2021/5/4,66.89988708
2021/5/5,70.90816498
2021/5/6,67.47250366
2021/5/7,74.15294647
2021/5/10,81.50144958
2021/5/11,73.48490143
2021/5/12,76.92057037
2021/5/13,69.76293182
2021/5/14,63.8459816
2021/5/17,70.14467621
2021/5/18,71.57620239
2021/5/19,70.2401123
2021/5/20,75.58447266
2021/5/21,83.12382507
2021/5/24,80.54708862
2021/5/25,75.58447266
2021/5/26,78.54295349
2021/5/27,80.92882538
2021/5/28,82.0740509
2021/5/31,81.97861481
2021/6/1,80.16535187
2021/6/2,77.97034454
2021/6/3,78.2566452
2021/6/4,76.72969055
2021/6/7,80.06991577
2021/6/8,77.01599121
2021/6/9,76.15707397
2021/6/10,75.29816437
2021/6/11,75.2027359
2021/6/15,79.87904358
2021/6/16,87.80014038
2021/6/17,96.38928986
2021/6/18,96.38928986
2021/6/21,105.932785
2021/6/22,116.4306183
2021/6/23,108.7958298
2021/6/24,118.3393326
2021/6/25,120.7252045
2021/6/28,120.2480164
2021/6/29,121.2023773
2021/6/30,133.1317444
2021/7/1,144.1067657
2021/7/2,141.2437134
2021/7/5,129.3143311
2021/7/6,136.1181946
2021/7/7,135.6389008
2021/7/8,124.615242
2021/7/9,119.3430557
2021/7/12,127.4909821
2021/7/13,118.8637772
2021/7/14,114.0708771
2021/7/15,117.4259109
2021/7/16,117.4259109
2021/7/19,119.3430557
2021/7/20,116.9466095
2021/7/21,110.2365646
2021/7/22,112.1537247
2021/7/23,112.1537247
2021/7/26,118.3844833
2021/7/27,112.6330032
2021/7/28,103.5265121
2021/7/29,112.1537247
2021/7/30,103.5265121
2021/8/2,106.4022522
2021/8/3,105.4436722
2021/8/4,108.3194046
2021/8/5,104.4850845
2021/8/6,105.9229507
2021/8/9,103.5265121
2021/8/10,104.4850845
2021/8/11,100.1714859
2021/8/12,101.6093521
2021/8/13,95.85787964
2021/8/16,93.55729675
2021/8/17,93.74900818
2021/8/18,99.21290588
2021/8/19,89.8188324
2021/8/20,95.76203156
2021/8/23,95.85787964
2021/8/24,100.6507797
2021/8/25,101.6093521
2021/8/26,97.77503204
2021/8/27,107.3608246
2021/8/30,107.3608246
2021/8/31,103.5265121
2021/9/1,102.0886459
2021/9/2,98.2543335
2021/9/3,96.81645966
2021/9/6,101.6093521
2021/9/7,106.8815384
2021/9/8,114.0708771
2021/9/9,104.005806
2021/9/10,105.4436722
2021/9/13,107.3608246
2021/9/14,104.4850845
2021/9/15,102.5679321
2021/9/16,99.69219971
2021/9/17,99.21290588
2021/9/22,98.73361969
2021/9/23,100.6507797
2021/9/24,99.69219971
2021/9/27,99.21290588
2021/9/28,96.33716583
2021/9/29,93.94072723
2021/9/30,95.66616821
2021/10/1,91.92770386
2021/10/4,86.27209473
2021/10/5,86.75137329
2021/10/6,83.20464325
2021/10/7,85.12180328
2021/10/8,85.50523376
2021/10/12,82.24606323
2021/10/13,80.80819702
2021/10/14,83.49221039
2021/10/15,85.217659
2021/10/18,85.217659
2021/10/19,84.9300766
2021/10/20,83.68393707
2021/10/21,88.18924713
2021/10/22,89.14783478
2021/10/25,88.47682953
2021/10/26,90.58570099
2021/10/27,92.50286102
2021/10/28,91.7359848
2021/10/29,93.3655777
2021/11/1,95.85787964
2021/11/2,105.4436722
2021/11/3,107.3608246
2021/11/4,105.9229507
2021/11/5,100.6507797
2021/11/8,96.81645966
2021/11/9,99.69219971
2021/11/10,109.2779846
2021/11/11,104.4850845
2021/11/12,105.4436722
2021/11/15,109.2779846
2021/11/16,106.4022522
2021/11/17,109.2779846
2021/11/18,105.4436722
2021/11/19,104.005806
2021/11/22,103.5265121
2021/11/23,101.1300659
2021/11/24,101.6093521
2021/11/25,102.0886459
2021/11/26,98.2543335
2021/11/29,97.77503204
2021/11/30,102.5679321
2021/12/1,107.8401184
2021/12/2,106.4022522
2021/12/3,106.4022522
2021/12/6,104.964386
2021/12/7,102.5679321
2021/12/8,103.5265121
2021/12/9,113.5915909
2021/12/10,124.615242
2021/12/13,137.076767
2021/12/14,136.5974884
2021/12/15,150.0175934
2021/12/16,164.8755646
2021/12/17,181.171402
2021/12/20,186.9228516
2021/12/21,183.5678406
2021/12/22,182.1299744
2021/12/23,181.171402
2021/12/24,180.2128143
2021/12/27,188.3607483
2021/12/28,182.1299744
2021/12/29,183.088562
2021/12/30,189.3193207
2022/1/3,187.8814545
2022/1/4,192.6743317
2022/1/5,185.005722
2022/1/6,186.9228516
2022/1/7,205.6151581
2022/1/10,196.9879456
2022/1/11,177.3370819
2022/1/12,163.9169769
2022/1/13,157.2069092
2022/1/14,148.5797119
2022/1/17,156.7276459
2022/1/18,148.5797119
2022/1/19,148.5797119
2022/1/20,142.8282471
2022/1/21,138.993927
2022/1/24,137.076767
2022/1/25,131.8045959
2022/1/26,132.2838593
2022/2/7,137.076767
2022/2/8,138.0353394
2022/2/9,151.4554443
2022/2/10,155.2897644
2022/2/11,158.1655121
2022/2/14,157.2069092
2022/2/15,156.2483521
2022/2/16,156.2483521
2022/2/17,159.1240845
2022/2/18,157.2069092
2022/2/21,159.1240845
2022/2/22,159.603363
2022/2/23,161.5205383
2022/2/24,152.414032
2022/2/25,165.834137
2022/3/1,182.1299744
2022/3/2,182.6092682
2022/3/3,184.526413
2022/3/4,178.7749329
2022/3/7,169.668457
2022/3/8,161.9998169
2022/3/9,170.6270142
2022/3/10,178.2956696
2022/3/11,182.1299744
2022/3/14,176.3784943
2022/3/15,162.9584045
2022/3/16,162.4790955
2022/3/17,167.7512817
2022/3/18,161.9998169
2022/3/21,155.2897644
2022/3/22,159.1240845
2022/3/23,161.0412445
2022/3/24,161.5205383
2022/3/25,158.6447906
2022/3/28,152.8933258
2022/3/29,155.7690582
2022/3/30,152.8933258
2022/3/31,152.414032
2022/4/1,143.7868195
2022/4/6,143.7868195
2022/4/7,134.6803284
2022/4/8,139.4732208
2022/4/11,130.3667145
2022/4/12,130.3667145
2022/4/13,143.3075256
2022/4/14,144.2661133
2022/4/15,137.076767
2022/4/18,134.2010345
2022/4/19,137.076767
2022/4/20,140.431778
2022/4/21,136.5974884
2022/4/22,141.3903809
2022/4/25,141.8696747
2022/4/26,141.8696747
2022/4/27,137.076767
2022/4/28,135.6389008
2022/4/29,134.6803284
2022/5/3,132.2838593
2022/5/4,133.2424622
2022/5/5,135.6389008
2022/5/6,135.1596069
2022/5/9,130.3667145
2022/5/10,127.4909821
2022/5/11,126.0531158
2022/5/12,119.3430557
2022/5/13,120.7809219
2022/5/16,121.7395096
2022/5/17,125.0945282
2022/5/18,127.0116806
2022/5/19,123.1773834
2022/5/20,122.6980896
2022/5/23,123.1773834
2022/5/24,117.9051971
2022/5/25,120.7809219
2022/5/26,122.2187958
2022/5/27,120.3016434
2022/5/30,122.2187958
2022/5/31,121.7395096
2022/6/1,121.7395096
2022/6/2,119.8223572
2022/6/6,118.8637772
2022/6/7,121.2602234
2022/6/8,120.7809219
2022/6/9,132.7631683
2022/6/10,129.8874207
2022/6/13,122.6980896
2022/6/14,125.5738297
2022/6/15,127.0116806
2022/6/16,119.8223572
2022/6/17,120.7809219
2022/6/20,114.5501709
2022/6/21,116.4673309
2022/6/22,108.3194046
2022/6/23,104.4850845
2022/6/24,110.7158585
2022/6/27,117.4259109
2022/6/28,113.1123047
2022/6/29,115.0294571
2022/6/30,107.3608246
2022/7/1,105.4436722
2022/7/4,99.21290588
2022/7/5,99.21290588
2022/7/6,91.44842529
2022/7/7,95.66616821
2022/7/8,98.73361969
2022/7/11,96.81645966
2022/7/12,91.44842529
2022/7/13,92.22505188
2022/7/14,95.33157349
2022/7/15,93.29292297
2022/7/18,95.33157349
2022/7/19,97.56439209
2022/7/20,97.07900238
2022/7/21,99.99137115
2022/7/22,99.99137115
2022/7/25,95.81697083
2022/7/26,92.51628876
2022/7/27,94.36078644
2022/7/28,92.03089905
2022/7/29,92.12796783
2022/8/1,91.44841766
2022/8/2,87.66233826
2022/8/3,83.68209839
2022/8/4,86.20615387
2022/8/5,87.95357513
2022/8/8,89.0214386
2022/8/9,89.31267548
2022/8/10,88.24481201
2022/8/11,89.79807281
2022/8/12,89.79807281
2022/8/15,89.31267548
2022/8/16,90.67178345
2022/8/17,99.50597382
2022/8/18,97.07900238
2022/8/19,94.26371002
2022/8/22,96.20528412
2022/8/23,93.09876251
2022/8/24,92.51628876
2022/8/25,94.74909973
2022/8/26,93.77831268
2022/8/29,90.28347015
2022/8/30,91.73965454
2022/8/31,92.80751801
2022/9/1,91.35134125
2022/9/2,93.0016861
2022/9/5,88.92436218
2022/9/6,85.52659607
2022/9/7,82.12883759
2022/9/8,83.68209839
2022/9/12,85.13828278
2022/9/13,84.55580902
2022/9/14,82.80838776
2022/9/15,83.7791748
2022/9/16,81.15804291
2022/9/19,77.17781067
2022/9/20,77.95443726
2022/9/21,78.14859009
2022/9/22,80.57556915
2022/9/23,76.78948975
2022/9/26,69.12024689
2022/9/27,69.70272827
2022/9/28,64.26629639
2022/9/29,68.05237579
2022/9/30,69.41149139
2022/10/3,70.38227081
2022/10/4,72.61508942
2022/10/5,72.90632629
2022/10/6,73.10049438
2022/10/7,70.77059174
2022/10/11,68.63484955
2022/10/12,69.79979706
2022/10/13,64.36338043
2022/10/14,67.95529938
2022/10/17,69.50856018
2022/10/18,69.02317047
2022/10/19,70.77059174
2022/10/20,71.35306549
2022/10/21,67.66405487
2022/10/24,69.60564423
2022/10/25,68.24653625
2022/10/26,64.65460968
2022/10/27,68.3436203
2022/10/28,67.37282562
2022/10/31,70.57643127
2022/11/1,72.71217346
2022/11/2,75.23622894
2022/11/3,74.4595871
2022/11/4,74.75082397
2022/11/7,76.6924057
2022/11/8,76.40116882
2022/11/9,76.59532928
2022/11/10,75.1391449
2022/11/11,74.94498444
2022/11/14,78.53691101
2022/11/15,78.92523193
2022/11/16,75.62454224
2022/11/17,78.63398743
2022/11/18,85.81784058
2022/11/21,85.13828278
2022/11/22,79.79893494
2022/11/23,79.79893494
2022/11/24,79.89601898
2022/11/25,80.09017181
2022/11/28,79.11938477
2022/11/29,77.66320038
2022/11/30,81.15804291
2022/12/1,82.80838776
2022/12/2,83.48793793
2022/12/5,86.01199341
2022/12/6,89.40975952
2022/12/7,84.36164856
2022/12/8,85.42951965
2022/12/9,85.72075653
2022/12/12,85.42951965
2022/12/13,84.8470459
2022/12/14,86.20615387
2022/12/15,87.37110138
2022/12/16,86.49739075
2022/12/19,84.74996948
2022/12/20,84.74996948
2022/12/21,84.26457977
2022/12/22,83.7791748
2022/12/23,88.34189606
2022/12/26,87.27402496
2022/12/27,88.05065155
2022/12/28,88.1477356
2022/12/29,90.08931732
2022/12/30,91.73965454
2023/1/3,91.73965454
2023/1/4,91.83673096
2023/1/5,92.90460205
2023/1/6,90.57470703
2023/1/9,89.99222565
2023/1/10,89.7009964
2023/1/11,89.11852264
2023/1/12,93.68122864
2023/1/13,90.38054657
2023/1/16,90.76886749
2023/1/17,89.99222565
2023/1/30,90.18639374
2023/1/31,90.28347015
2023/2/1,92.71044922
2023/2/2,92.3221283
2023/2/3,90.28347015
2023/2/6,88.73020172
2023/2/7,88.63313293
2023/2/8,88.82728577
2023/2/9,91.73965454
2023/2/10,86.69155121
2023/2/13,85.52659607
2023/2/14,85.62367249
2023/2/15,85.62367249
2023/2/16,85.91490936
2023/2/17,87.56525421
2023/2/20,86.98278046
2023/2/21,86.40031433
2023/2/22,84.1674881
2023/2/23,84.8470459
2023/2/24,83.7791748
2023/3/1,83.7791748
2023/3/2,83.48793793
2023/3/3,83.48793793
2023/3/6,85.42951965
2023/3/7,84.8470459
2023/3/8,85.42951965
2023/3/9,84.94412994
2023/3/10,81.54636383
2023/3/13,81.06096649
2023/3/14,79.11938477
2023/3/15,80.38141632
2023/3/16,83.09962463
2023/3/17,83.48793793
2023/3/20,82.80838776
2023/3/21,83.00254822
2023/3/22,84.1674881
2023/3/23,84.07041168
2023/3/24,84.94412994
2023/3/27,83.97333527
2023/3/28,82.80838776
2023/3/29,82.22590637
2023/3/30,82.71130371
2023/3/31,83.09962463
2023/4/6,82.22590637
2023/4/7,82.80838776
2023/4/10,82.12883759
2023/4/11,83.7791748
2023/4/12,83.58501434
2023/4/13,85.42951965
2023/4/14,85.13828278
2023/4/17,85.23536682
2023/4/18,84.1674881
2023/4/19,84.94412994
2023/4/20,81.64343262
2023/4/21,78.14859009
2023/4/24,78.43983459
2023/4/25,76.40116882
2023/4/26,76.98365021
2023/4/27,76.40116882
2023/4/28,80.18725586
2023/5/2,80.86681366
2023/5/3,85.91490936
2023/5/4,84.8470459
2023/5/5,87.85649109
2023/5/8,90.96302032
2023/5/9,89.60391998
2023/5/10,88.1477356
2023/5/11,85.33244324
2023/5/12,86.20615387
2023/5/15,83.19670105
2023/5/16,83.7791748
2023/5/17,85.13828278
2023/5/18,83.48793793
2023/5/19,80.57556915
2023/5/22,81.83760071
2023/5/23,83.48793793
2023/5/24,83.00254822
2023/5/25,81.54636383
2023/5/26,80.38141632
2023/5/29,81.64343262
2023/5/30,80.09017181
2023/5/31,81.54636383
2023/6/1,85.91490936
2023/6/2,87.75941467
2023/6/5,88.63313293
2023/6/6,86.98278046
2023/6/7,87.56525421
2023/6/8,86.40031433
2023/6/9,86.01199341
2023/6/12,84.07041168
2023/6/13,84.4587326
2023/6/14,84.26457977
2023/6/15,84.1674881
2023/6/16,84.1674881
2023/6/19,92.51628876
2023/6/20,101.4475479
2023/6/21,103.8745346
2023/6/26,114.0678253
2023/6/27,110.6700592
2023/6/28,112.6116409
2023/6/29,109.2138748
2023/6/30,107.7576904
2023/7/3,107.2723007
2023/7/4,106.7868958
2023/7/5,117.4655914
2023/7/6,112.1262436
2023/7/7,115.5240097
2023/7/10,115.03862
2023/7/11,112.1262436
2023/7/12,109.2138748
2023/7/13,115.03862
2023/7/14,117.4655914
2023/7/17,109.6992722
2023/7/18,105.8161087
2023/7/19,105.8161087
2023/7/20,99.91009521
2023/7/21,97.94142151
2023/7/24,93.90564728
2023/7/25,94.29938507
2023/7/26,90.75576782
2023/7/27,92.23226929
2023/7/28,91.05107117
2023/7/31,90.65733337
2023/8/1,89.77143097
2023/8/2,92.23226929
2023/8/4,93.80721283
2023/8/7,92.13384247
2023/8/8,90.36203766
2023/8/9,89.77143097
2023/8/10,86.42469788
2023/8/11,85.53878784
2023/8/14,83.76698303
2023/8/15,84.06228638
2023/8/16,84.65288544
2023/8/17,86.42469788
2023/8/18,83.86541748
2023/8/21,85.73565674
2023/8/22,86.3262558
2023/8/23,85.73565674
2023/8/24,84.55445862
2023/8/25,85.14505768
2023/8/28,82.19204712
2023/8/29,84.94818878
2023/8/30,85.83409119
2023/8/31,85.63722229
2023/9/1,84.84975433
2023/9/4,83.86541748
2023/9/5,84.25915527
2023/9/6,84.55445862
2023/9/7,83.76698303
2023/9/8,82.88108063
2023/9/11,81.010849
2023/9/12,80.71554565
2023/9/13,81.10927582
2023/9/14,82.19204712
2023/9/15,81.89674377
2023/9/18,82.58578491
2023/9/19,81.99518585
2023/9/20,81.010849
2023/9/21,80.71554565
2023/9/22,81.010849
2023/9/25,83.37324524
2023/9/26,81.89674377
2023/9/27,81.20771027
2023/9/28,81.99518585
2023/10/2,82.29048157
2023/10/3,81.010849
2023/10/4,81.010849
2023/10/5,81.20771027
2023/10/6,81.60144806
2023/10/11,80.42024231
2023/10/12,80.51867676
2023/10/13,80.22337341
2023/10/16,79.33747101
2023/10/17,80.71554565
2023/10/18,79.92807007
2023/10/19,78.35313416
2023/10/20,76.97506714
2023/10/23,77.7625351
2023/10/24,81.010849
2023/10/25,80.81397247
2023/10/26,79.7312088
2023/10/27,79.43590546
2023/10/30,79.92807007
2023/10/31,80.12494659
2023/11/1,80.91240692
2023/11/2,83.76698303
2023/11/3,82.68421936
2023/11/6,83.17638397
2023/11/7,83.76698303
2023/11/8,85.04662323
2023/11/9,83.17638397
2023/11/10,81.89674377
2023/11/13,81.30614471
2023/11/14,81.50301361
2023/11/15,82.78264618
2023/11/16,83.17638397
2023/11/17,84.55445862
2023/11/20,84.35758209
2023/11/21,85.2434845
2023/11/22,87.31059265
2023/11/23,86.62155914
2023/11/24,86.62155914
2023/11/27,86.91686249
2023/11/28,87.11372375
2023/11/29,90.75576782
2023/11/30,99.41792297
2023/12/1,109.2612839
2023/12/4,105.8161087
2023/12/5,106.3082733
2023/12/6,102.3709335
2023/12/7,101.8787689
2023/12/8,100.8944321
2023/12/11,103.3552704
2023/12/12,100.8944321
2023/12/13,102.3709335
2023/12/14,100.4022598
2023/12/15,98.43359375
2023/12/18,96.46492004
2023/12/19,92.62600708
2023/12/20,94.6931076
2023/12/21,98.43359375
2023/12/22,95.67744446
2023/12/25,91.74010468
2023/12/26,92.92131042
2023/12/27,93.01974487
2023/12/28,93.01974487
2023/12/29,94.39781189
2024/1/2,95.57901764
2024/1/3,95.77588654
2024/1/4,97.252388
2024/1/5,95.48058319
2024/1/8,93.01974487
2024/1/9,90.8542099
2024/1/10,91.34637451
2024/1/11,93.51190948
2024/1/12,91.44480896
2024/1/15,93.21660614
2024/1/16,91.54323578
2024/1/17,89.5745697
2024/1/18,89.77143097
2024/1/19,91.44480896
2024/1/22,96.95708466
2024/1/23,98.03985596
2024/1/24,102.8630981
2024/1/25,98.23672485
2024/1/26,105.8161087
2024/1/29,105.8161087
2024/1/30,102.3709335
2024/1/31,101.8787689
2024/2/1,100.4022598
2024/2/2,99.41792297
2024/2/5,97.35082245
2024/2/15,99.41792297
2024/2/16,98.92575836
2024/2/19,97.15395355
2024/2/20,95.48058319
2024/2/21,95.18527985
2024/2/22,93.61034393
2024/2/23,92.03540802
2024/2/26,96.3664856
2024/2/27,101.3865967
2024/2/29,102.8630981
2024/3/1,101.8787689
2024/3/4,106.3082733
2024/3/5,106.3082733
2024/3/6,102.3709335
2024/3/7,102.3709335
2024/3/8,99.41792297
2024/3/11,99.91009521
2024/3/12,99.91009521
2024/3/13,96.95708466
2024/3/14,96.95708466
2024/3/15,96.95708466
2024/3/18,96.1696167
2024/3/19,99.91009521
2024/3/20,99.91009521
2024/3/21,100.4022598
2024/3/22,98.92575836
2024/3/25,98.92575836
2024/3/26,103.3552704
2024/3/27,103.3552704
2024/3/28,100.8944321
2024/3/29,99.91009521
2024/4/1,99.41792297
2024/4/2,98.92575836
2024/4/3,97.54768372
2024/4/8,98.23672485
2024/4/9,99.91009521
2024/4/10,98.92575836
2024/4/11,97.35082245
2024/4/12,95.57901764
2024/4/15,92.03540802
2024/4/16,89.37770081
2024/4/17,92.03540802
2024/4/18,90.65733337
2024/4/19,88.09806061
2024/4/22,87.2121582
2024/4/23,88.2949295
2024/4/24,90.26359558
2024/4/25,90.55889893
2024/4/26,91.34637451
2024/4/29,92.52757263
2024/4/30,90.95263672
2024/5/2,92.03540802
2024/5/3,91.54323578
2024/5/6,96.1696167
2024/5/7,94.10250854
2024/5/8,94.29938507
2024/5/9,93.11817169
2024/5/10,95.48058319
2024/5/13,93.51190948
2024/5/14,94.29938507
2024/5/15,94.39781189
2024/5/16,95.18527985
2024/5/17,101.8787689
2024/5/20,101.8787689
2024/5/21,100.4022598
2024/5/22,102.3709335
2024/5/23,100.8944321
2024/5/24,98.92575836
2024/5/27,100.4022598
2024/5/28,100.4022598
2024/5/29,102.8630981
2024/5/30,108.7691193
2024/5/31,115.1672974
2024/6/3,110.7377853
2024/6/4,109.7534561
2024/6/5,106.8004456
2024/6/6,104.8317719
2024/6/7,103.847435
2024/6/11,99.91009521
2024/6/12,101.8787689
2024/6/13,110.2456207
2024/6/14,107.7847824
2024/6/17,109.2612839
2024/6/18,106.8004456
2024/6/19,104.3396072
2024/6/20,106.3082733
2024/6/21,103.847435
2024/6/24,105.3239441
2024/6/25,105.3239441
2024/6/26,106.3082733
2024/6/27,107.7847824
2024/6/28,107.2926102
2024/7/1,103.847435
2024/7/2,102.3709335
2024/7/3,103.3552704
2024/7/4,104.8317719
2024/7/5,105.3239441
2024/7/8,102.3709335
2024/7/9,99.41792297
2024/7/10,100.4022598
2024/7/11,100.4022598
2024/7/12,98.92575836
2024/7/15,96.56334686
2024/7/16,97.4492569
2024/7/17,98.92575836
2024/7/18,98.19999695
2024/7/19,95
2024/7/22,92.30000305
2024/7/23,94.40000153
